,battery storage
0,11.91
1,11.91
2,11.91
3,11.91
4,11.91
5,11.91
6,11.91
7,11.91
8,11.91
9,11.91
10,11.91
11,11.91
12,11.91
13,11.91
14,11.91
15,11.91
16,11.91
17,11.91
18,11.91
19,11.91
20,11.91
21,11.91
22,11.91
23,11.91
24,11.91
25,11.91
26,11.91
27,11.91
28,11.91
29,11.91
30,11.91
31,11.91
32,11.91
33,11.91
34,11.91
35,11.91
36,11.91
37,11.91
38,11.91
39,11.91
40,11.91
41,11.91
42,11.91
43,11.91
44,11.91
45,11.91
46,11.91
47,11.91
48,11.91
49,11.91
50,11.91
51,11.91
52,11.91
53,11.91
54,11.91
55,11.91
56,11.91
57,11.91
58,11.91
59,11.91
60,11.91
61,11.91
62,11.91
63,11.91
64,11.91
65,11.91
66,11.91
67,11.91
68,11.91
69,11.91
70,11.91
71,11.91
72,11.91
73,11.91
74,11.91
75,11.91
76,11.91
77,11.91
78,11.91
79,11.91
80,11.91
81,11.91
82,11.91
83,11.91
84,11.91
85,11.91
86,11.91
87,11.91
88,11.91
89,11.91
90,11.91
91,11.91
92,11.91
93,11.91
94,11.91
95,11.91
96,11.91
97,11.91
98,11.91
99,11.91
100,11.91
101,11.91
102,11.91
103,11.91
104,11.91
105,11.91
106,11.91
107,11.91
108,11.91
109,11.91
110,11.91
111,11.91
112,11.91
113,11.91
114,11.91
115,11.91
116,11.91
117,11.91
118,11.91
119,11.91
120,11.91
121,11.91
122,11.91
123,11.91
124,11.91
125,11.91
126,11.91
127,11.91
128,11.91
129,11.91
130,11.91
131,11.91
132,11.91
133,11.91
134,11.91
135,11.91
136,11.91
137,11.91
138,11.91
139,11.91
140,11.91
141,11.91
142,11.91
143,11.91
144,11.91
145,11.91
146,11.91
147,11.91
148,11.91
149,11.91
150,11.91
151,11.91
152,11.91
153,11.91
154,11.91
155,11.91
156,11.91
157,11.91
158,11.91
159,11.91
160,11.91
161,11.91
162,11.91
163,11.91
164,11.91
165,11.91
166,11.91
167,11.91
168,11.91
169,11.91
170,11.91
171,11.91
172,11.91
173,11.91
174,11.91
175,11.91
176,11.91
177,11.91
178,11.91
179,11.91
180,11.91
181,11.91
182,11.91
183,11.91
184,11.91
185,11.91
186,11.91
187,11.91
188,11.91
189,11.91
190,11.91
191,11.91
192,11.91
193,11.91
194,11.91
195,11.91
196,11.91
197,11.91
198,11.91
199,11.91
200,11.91
201,11.91
202,11.91
203,11.91
204,11.91
205,11.91
206,11.91
207,11.91
208,11.91
209,11.91
210,11.91
211,11.91
212,11.91
213,11.91
214,11.91
215,11.91
216,11.91
217,11.91
218,11.91
219,11.91
220,11.91
221,11.91
222,11.91
223,11.91
224,11.91
225,11.91
226,11.91
227,11.91
228,11.91
229,11.91
230,11.91
231,11.91
232,11.91
233,11.91
234,11.91
235,11.91
236,11.91
237,11.91
238,11.91
239,11.91
240,11.91
241,11.91
242,11.91
243,11.91
244,11.91
245,11.91
246,11.91
247,11.91
248,11.91
249,11.91
250,11.91
251,11.91
252,11.91
253,11.91
254,11.91
255,11.91
256,11.91
257,11.91
258,11.91
259,11.91
260,11.91
261,11.91
262,11.91
263,11.91
264,11.91
265,11.91
266,11.91
267,11.91
268,11.91
269,11.91
270,11.91
271,11.91
272,11.91
273,11.91
274,11.91
275,11.91
276,11.91
277,11.91
278,11.91
279,11.91
280,11.91
281,11.91
282,11.91
283,11.91
284,11.91
285,11.91
286,11.91
287,11.91
288,11.91
289,11.91
290,11.91
291,11.91
292,11.91
293,11.91
294,11.91
295,11.91
296,11.91
297,11.91
298,11.91
299,11.91
300,11.91
301,11.91
302,11.91
303,11.91
304,11.91
305,11.91
306,11.91
307,11.91
308,11.91
309,11.91
310,11.91
311,11.91
312,11.91
313,11.91
314,11.91
315,11.91
316,11.91
317,11.91
318,11.91
319,11.91
320,11.91
321,11.91
322,11.91
323,11.91
324,11.91
325,11.91
326,11.91
327,11.91
328,11.91
329,11.91
330,11.91
331,11.91
332,11.91
333,11.91
334,11.91
335,11.91
336,11.91
337,11.91
338,11.91
339,11.91
340,11.91
341,11.91
342,11.91
343,11.91
344,11.91
345,11.91
346,11.91
347,11.91
348,11.91
349,11.91
350,11.91
351,11.91
352,11.91
353,11.91
354,11.91
355,11.91
356,11.91
357,11.91
358,11.91
359,11.91
360,11.91
361,11.91
362,11.91
363,11.91
364,11.91
365,11.91
366,11.91
367,11.91
368,11.91
369,11.91
370,11.91
371,11.91
372,11.91
373,11.91
374,11.91
375,11.91
376,11.91
377,11.91
378,11.91
379,11.91
380,11.91
381,11.91
382,11.91
383,11.91
384,11.91
385,11.91
386,11.91
387,11.91
388,11.91
389,11.91
390,11.91
391,11.91
392,11.91
393,11.91
394,11.91
395,11.91
396,11.91
397,11.91
398,11.91
399,11.91
400,11.91
401,11.91
402,11.91
403,11.91
404,11.91
405,11.91
406,11.91
407,11.91
408,11.91
409,11.91
410,11.91
411,11.91
412,11.91
413,11.91
414,11.91
415,11.91
416,11.91
417,11.91
418,11.91
419,11.91
420,11.91
421,11.91
422,11.91
423,11.91
424,11.91
425,11.91
426,11.91
427,11.91
428,11.91
429,11.91
430,11.91
431,11.91
432,11.91
433,11.91
434,11.91
435,11.91
436,11.91
437,11.91
438,11.91
439,11.91
440,11.91
441,11.91
442,11.91
443,11.91
444,11.91
445,11.91
446,11.91
447,11.91
448,11.91
449,11.91
450,11.91
451,11.91
452,11.91
453,11.91
454,11.91
455,11.91
456,11.91
457,11.91
458,11.91
459,11.91
460,11.91
461,11.91
462,11.91
463,11.91
464,11.91
465,11.91
466,11.91
467,11.91
468,11.91
469,11.91
470,11.91
471,11.91
472,11.91
473,11.91
474,11.91
475,11.91
476,11.91
477,11.91
478,11.91
479,11.91
480,11.91
481,11.91
482,11.91
483,11.91
484,11.91
485,11.91
486,11.91
487,11.91
488,11.91
489,11.91
490,11.91
491,11.91
492,11.91
493,11.91
494,11.91
495,11.91
496,11.91
497,11.91
498,11.91
499,11.91
500,11.91
501,11.91
502,11.91
503,11.91
504,11.91
505,11.91
506,11.91
507,11.91
508,11.91
509,11.91
510,11.91
511,11.91
512,11.91
513,11.91
514,11.91
515,11.91
516,11.91
517,11.91
518,11.91
519,11.91
520,11.91
521,11.91
522,11.91
523,11.91
524,11.91
525,11.91
526,11.91
527,11.91
528,11.91
529,11.91
530,11.91
531,11.91
532,11.91
533,11.91
534,11.91
535,11.91
536,11.91
537,11.91
538,11.91
539,11.91
540,11.91
541,11.91
542,11.91
543,11.91
544,11.91
545,11.91
546,11.91
547,11.91
548,11.91
549,11.91
550,11.91
551,11.91
552,11.91
553,11.91
554,11.91
555,11.91
556,11.91
557,11.91
558,11.91
559,11.91
560,11.91
561,11.91
562,11.91
563,11.91
564,11.91
565,11.91
566,11.91
567,11.91
568,11.91
569,11.91
570,11.91
571,11.91
572,11.91
573,11.91
574,11.91
575,11.91
576,11.91
577,11.91
578,11.91
579,11.91
580,11.91
581,11.91
582,11.91
583,11.91
584,11.91
585,11.91
586,11.91
587,11.91
588,11.91
589,11.91
590,11.91
591,11.91
592,11.91
593,11.91
594,11.91
595,11.91
596,11.91
597,11.91
598,11.91
599,11.91
600,11.91
601,11.91
602,11.91
603,11.91
604,11.91
605,11.91
606,11.91
607,11.91
608,11.91
609,11.91
610,11.91
611,11.91
612,11.91
613,11.91
614,11.91
615,11.91
616,11.91
617,11.91
618,11.91
619,11.91
620,11.91
621,11.91
622,11.91
623,11.91
624,11.91
625,11.91
626,11.91
627,11.91
628,11.91
629,11.91
630,11.91
631,11.91
632,11.91
633,11.91
634,11.91
635,11.91
636,11.91
637,11.91
638,11.91
639,11.91
640,11.91
641,11.91
642,11.91
643,11.91
644,11.91
645,11.91
646,11.91
647,11.91
648,11.91
649,11.91
650,11.91
651,11.91
652,11.91
653,11.91
654,11.91
655,11.91
656,11.91
657,11.91
658,11.91
659,11.91
660,11.91
661,11.91
662,11.91
663,11.91
664,11.91
665,11.91
666,11.91
667,11.91
668,11.91
669,11.91
670,11.91
671,11.91
672,11.91
673,11.91
674,11.91
675,11.91
676,11.91
677,11.91
678,11.91
679,11.91
680,11.91
681,11.91
682,11.91
683,11.91
684,11.91
685,11.91
686,11.91
687,11.91
688,11.91
689,11.91
690,11.91
691,11.91
692,11.91
693,11.91
694,11.91
695,11.91
696,11.91
697,11.91
698,11.91
699,11.91
700,11.91
701,11.91
702,11.91
703,11.91
704,11.91
705,11.91
706,11.91
707,11.91
708,11.91
709,11.91
710,11.91
711,11.91
712,11.91
713,11.91
714,11.91
715,11.91
716,11.91
717,11.91
718,11.91
719,11.91
720,11.91
721,11.91
722,11.91
723,11.91
724,11.91
725,11.91
726,11.91
727,11.91
728,11.91
729,11.91
730,11.91
731,11.91
732,11.91
733,11.91
734,11.91
735,11.91
736,11.91
737,11.91
738,11.91
739,11.91
740,11.91
741,11.91
742,11.91
743,11.91
744,11.91
745,11.91
746,11.91
747,11.91
748,11.91
749,11.91
750,11.91
751,11.91
752,11.91
753,11.91
754,11.91
755,11.91
756,11.91
757,11.91
758,11.91
759,11.91
760,11.91
761,11.91
762,11.91
763,11.91
764,11.91
765,11.91
766,11.91
767,11.91
768,11.91
769,11.91
770,11.91
771,11.91
772,11.91
773,11.91
774,11.91
775,11.91
776,11.91
777,11.91
778,11.91
779,11.91
780,11.91
781,11.91
782,11.91
783,11.91
784,11.91
785,11.91
786,11.91
787,11.91
788,11.91
789,11.91
790,11.91
791,11.91
792,11.91
793,11.91
794,11.91
795,11.91
796,11.91
797,11.91
798,11.91
799,11.91
800,11.91
801,11.91
802,11.91
803,11.91
804,11.91
805,11.91
806,11.91
807,11.91
808,11.91
809,11.91
810,11.91
811,11.91
812,11.91
813,11.91
814,11.91
815,11.91
816,11.91
817,11.91
818,11.91
819,11.91
820,11.91
821,11.91
822,11.91
823,11.91
824,11.91
825,11.91
826,11.91
827,11.91
828,11.91
829,11.91
830,11.91
831,11.91
832,11.91
833,11.91
834,11.91
835,11.91
836,11.91
837,11.91
838,11.91
839,11.91
840,11.91
841,11.91
842,11.91
843,11.91
844,11.91
845,11.91
846,11.91
847,11.91
848,11.91
849,11.91
850,11.91
851,11.91
852,11.91
853,11.91
854,11.91
855,11.91
856,11.91
857,11.91
858,11.91
859,11.91
860,11.91
861,11.91
862,11.91
863,11.91
864,11.91
865,11.91
866,11.91
867,11.91
868,11.91
869,11.91
870,11.91
871,11.91
872,11.91
873,11.91
874,11.91
875,11.91
876,11.91
877,11.91
878,11.91
879,11.91
880,11.91
881,11.91
882,11.91
883,11.91
884,11.91
885,11.91
886,11.91
887,11.91
888,11.91
889,11.91
890,11.91
891,11.91
892,11.91
893,11.91
894,11.91
895,11.91
896,11.91
897,11.91
898,11.91
899,11.91
900,11.91
901,11.91
902,11.91
903,11.91
904,11.91
905,11.91
906,11.91
907,11.91
908,11.91
909,11.91
910,11.91
911,11.91
912,11.91
913,11.91
914,11.91
915,11.91
916,11.91
917,11.91
918,11.91
919,11.91
920,11.91
921,11.91
922,11.91
923,11.91
924,11.91
925,11.91
926,11.91
927,11.91
928,11.91
929,11.91
930,11.91
931,11.91
932,11.91
933,11.91
934,11.91
935,11.91
936,11.91
937,11.91
938,11.91
939,11.91
940,11.91
941,11.91
942,11.91
943,11.91
944,11.91
945,11.91
946,11.91
947,11.91
948,11.91
949,11.91
950,11.91
951,11.91
952,11.91
953,11.91
954,11.91
955,11.91
956,11.91
957,11.91
958,11.91
959,11.91
960,11.91
961,11.91
962,11.91
963,11.91
964,11.91
965,11.91
966,11.91
967,11.91
968,11.91
969,11.91
970,11.91
971,11.91
972,11.91
973,11.91
974,11.91
975,11.91
976,11.91
977,11.91
978,11.91
979,11.91
980,11.91
981,11.91
982,11.91
983,11.91
984,11.91
985,11.91
986,11.91
987,11.91
988,11.91
989,11.91
990,11.91
991,11.91
992,11.91
993,11.91
994,11.91
995,11.91
996,11.91
997,11.91
998,11.91
999,11.91
1000,11.91
1001,11.91
1002,11.91
1003,11.91
1004,11.91
1005,11.91
1006,11.91
1007,11.91
1008,11.91
1009,11.91
1010,11.91
1011,11.91
1012,11.91
1013,11.91
1014,11.91
1015,11.91
1016,11.91
1017,11.91
1018,11.91
1019,11.91
1020,11.91
1021,11.91
1022,11.91
1023,11.91
1024,11.91
1025,11.91
1026,11.91
1027,11.91
1028,11.91
1029,11.91
1030,11.91
1031,11.91
1032,11.91
1033,11.91
1034,11.91
1035,11.91
1036,11.91
1037,11.91
1038,11.91
1039,11.91
1040,11.91
1041,11.91
1042,11.91
1043,11.91
1044,11.91
1045,11.91
1046,11.91
1047,11.91
1048,11.91
1049,11.91
1050,11.91
1051,11.91
1052,11.91
1053,11.91
1054,11.91
1055,11.91
1056,11.91
1057,11.91
1058,11.91
1059,11.91
1060,11.91
1061,11.91
1062,11.91
1063,11.91
1064,11.91
1065,11.91
1066,11.91
1067,11.91
1068,11.91
1069,11.91
1070,11.91
1071,11.91
1072,11.91
1073,11.91
1074,11.91
1075,11.91
1076,11.91
1077,11.91
1078,11.91
1079,11.91
1080,11.91
1081,11.91
1082,11.91
1083,11.91
1084,11.91
1085,11.91
1086,11.91
1087,11.91
1088,11.91
1089,11.91
1090,11.91
1091,11.91
1092,11.91
1093,11.91
1094,11.91
1095,11.91
1096,11.91
1097,11.91
1098,11.91
1099,11.91
1100,11.91
1101,11.91
1102,11.91
1103,11.91
1104,11.91
1105,11.91
1106,11.91
1107,11.91
1108,11.91
1109,11.91
1110,11.91
1111,11.91
1112,11.91
1113,11.91
1114,11.91
1115,11.91
1116,11.91
1117,11.91
1118,11.91
1119,11.91
1120,11.91
1121,11.91
1122,11.91
1123,11.91
1124,11.91
1125,11.91
1126,11.91
1127,11.91
1128,11.91
1129,11.91
1130,11.91
1131,11.91
1132,11.91
1133,11.91
1134,11.91
1135,11.91
1136,11.91
1137,11.91
1138,11.91
1139,11.91
1140,11.91
1141,11.91
1142,11.91
1143,11.91
1144,11.91
1145,11.91
1146,11.91
1147,11.91
1148,11.91
1149,11.91
1150,11.91
1151,11.91
1152,11.91
1153,11.91
1154,11.91
1155,11.91
1156,11.91
1157,11.91
1158,11.91
1159,11.91
1160,11.91
1161,11.91
1162,11.91
1163,11.91
1164,11.91
1165,11.91
1166,11.91
1167,11.91
1168,11.91
1169,11.91
1170,11.91
1171,11.91
1172,11.91
1173,11.91
1174,11.91
1175,11.91
1176,11.91
1177,11.91
1178,11.91
1179,11.91
1180,11.91
1181,11.91
1182,11.91
1183,11.91
1184,11.91
1185,11.91
1186,11.91
1187,11.91
1188,11.91
1189,11.91
1190,11.91
1191,11.91
1192,11.91
1193,11.91
1194,11.91
1195,11.91
1196,11.91
1197,11.91
1198,11.91
1199,11.91
1200,11.91
1201,11.91
1202,11.91
1203,11.91
1204,11.91
1205,11.91
1206,11.91
1207,11.91
1208,11.91
1209,11.91
1210,11.91
1211,11.91
1212,11.91
1213,11.91
1214,11.91
1215,11.91
1216,11.91
1217,11.91
1218,11.91
1219,11.91
1220,11.91
1221,11.91
1222,11.91
1223,11.91
1224,11.91
1225,11.91
1226,11.91
1227,11.91
1228,11.91
1229,11.91
1230,11.91
1231,11.91
1232,11.91
1233,11.91
1234,11.91
1235,11.91
1236,11.91
1237,11.91
1238,11.91
1239,11.91
1240,11.91
1241,11.91
1242,11.91
1243,11.91
1244,11.91
1245,11.91
1246,11.91
1247,11.91
1248,11.91
1249,11.91
1250,11.91
1251,11.91
1252,11.91
1253,11.91
1254,11.91
1255,11.91
1256,11.91
1257,11.91
1258,11.91
1259,11.91
1260,11.91
1261,11.91
1262,11.91
1263,11.91
1264,11.91
1265,11.91
1266,11.91
1267,11.91
1268,11.91
1269,11.91
1270,11.91
1271,11.91
1272,11.91
1273,11.91
1274,11.91
1275,11.91
1276,11.91
1277,11.91
1278,11.91
1279,11.91
1280,11.91
1281,11.91
1282,11.91
1283,11.91
1284,11.91
1285,11.91
1286,11.91
1287,11.91
1288,11.91
1289,11.91
1290,11.91
1291,11.91
1292,11.91
1293,11.91
1294,11.91
1295,11.91
1296,11.91
1297,11.91
1298,11.91
1299,11.91
1300,11.91
1301,11.91
1302,11.91
1303,11.91
1304,11.91
1305,11.91
1306,11.91
1307,11.91
1308,11.91
1309,11.91
1310,11.91
1311,11.91
1312,11.91
1313,11.91
1314,11.91
1315,11.91
1316,11.91
1317,11.91
1318,11.91
1319,11.91
1320,11.91
1321,11.91
1322,11.91
1323,11.91
1324,11.91
1325,11.91
1326,11.91
1327,11.91
1328,11.91
1329,11.91
1330,11.91
1331,11.91
1332,11.91
1333,11.91
1334,11.91
1335,11.91
1336,11.91
1337,11.91
1338,11.91
1339,11.91
1340,11.91
1341,11.91
1342,11.91
1343,11.91
1344,11.91
1345,11.91
1346,11.91
1347,11.91
1348,11.91
1349,11.91
1350,11.91
1351,11.91
1352,11.91
1353,11.91
1354,11.91
1355,11.91
1356,11.91
1357,11.91
1358,11.91
1359,11.91
1360,11.91
1361,11.91
1362,11.91
1363,11.91
1364,11.91
1365,11.91
1366,11.91
1367,11.91
1368,11.91
1369,11.91
1370,11.91
1371,11.91
1372,11.91
1373,11.91
1374,11.91
1375,11.91
1376,11.91
1377,11.91
1378,11.91
1379,11.91
1380,11.91
1381,11.91
1382,11.91
1383,11.91
1384,11.91
1385,11.91
1386,11.91
1387,11.91
1388,11.91
1389,11.91
1390,11.91
1391,11.91
1392,11.91
1393,11.91
1394,11.91
1395,11.91
1396,11.91
1397,11.91
1398,11.91
1399,11.91
1400,11.91
1401,11.91
1402,11.91
1403,11.91
1404,11.91
1405,11.91
1406,11.91
1407,11.91
1408,11.91
1409,11.91
1410,11.91
1411,11.91
1412,11.91
1413,11.91
1414,11.91
1415,11.91
1416,11.91
1417,11.91
1418,11.91
1419,11.91
1420,11.91
1421,11.91
1422,11.91
1423,11.91
1424,11.91
1425,11.91
1426,11.91
1427,11.91
1428,11.91
1429,11.91
1430,11.91
1431,11.91
1432,11.91
1433,11.91
1434,11.91
1435,11.91
1436,11.91
1437,11.91
1438,11.91
1439,11.91
1440,11.91
1441,11.91
1442,11.91
1443,11.91
1444,11.91
1445,11.91
1446,11.91
1447,11.91
1448,11.91
1449,11.91
1450,11.91
1451,11.91
1452,11.91
1453,11.91
1454,11.91
1455,11.91
1456,11.91
1457,11.91
1458,11.91
1459,11.91
1460,11.91
1461,11.91
1462,11.91
1463,11.91
1464,11.91
1465,11.91
1466,11.91
1467,11.91
1468,11.91
1469,11.91
1470,11.91
1471,11.91
1472,11.91
1473,11.91
1474,11.91
1475,11.91
1476,11.91
1477,11.91
1478,11.91
1479,11.91
1480,11.91
1481,11.91
1482,11.91
1483,11.91
1484,11.91
1485,11.91
1486,11.91
1487,11.91
1488,11.91
1489,11.91
1490,11.91
1491,11.91
1492,11.91
1493,11.91
1494,11.91
1495,11.91
1496,11.91
1497,11.91
1498,11.91
1499,11.91
1500,11.91
1501,11.91
1502,11.91
1503,11.91
1504,11.91
1505,11.91
1506,11.91
1507,11.91
1508,11.91
1509,11.91
1510,11.91
1511,11.91
1512,11.91
1513,11.91
1514,11.91
1515,11.91
1516,11.91
1517,11.91
1518,11.91
1519,11.91
1520,11.91
1521,11.91
1522,11.91
1523,11.91
1524,11.91
1525,11.91
1526,11.91
1527,11.91
1528,11.91
1529,11.91
1530,11.91
1531,11.91
1532,11.91
1533,11.91
1534,11.91
1535,11.91
1536,11.91
1537,11.91
1538,11.91
1539,11.91
1540,11.91
1541,11.91
1542,11.91
1543,11.91
1544,11.91
1545,11.91
1546,11.91
1547,11.91
1548,11.91
1549,11.91
1550,11.91
1551,11.91
1552,11.91
1553,11.91
1554,11.91
1555,11.91
1556,11.91
1557,11.91
1558,11.91
1559,11.91
1560,11.91
1561,11.91
1562,11.91
1563,11.91
1564,11.91
1565,11.91
1566,11.91
1567,11.91
1568,11.91
1569,11.91
1570,11.91
1571,11.91
1572,11.91
1573,11.91
1574,11.91
1575,11.91
1576,11.91
1577,11.91
1578,11.91
1579,11.91
1580,11.91
1581,11.91
1582,11.91
1583,11.91
1584,11.91
1585,11.91
1586,11.91
1587,11.91
1588,11.91
1589,11.91
1590,11.91
1591,11.91
1592,11.91
1593,11.91
1594,11.91
1595,11.91
1596,11.91
1597,11.91
1598,11.91
1599,11.91
1600,11.91
1601,11.91
1602,11.91
1603,11.91
1604,11.91
1605,11.91
1606,11.91
1607,11.91
1608,11.91
1609,11.91
1610,11.91
1611,11.91
1612,11.91
1613,11.91
1614,11.91
1615,11.91
1616,11.91
1617,11.91
1618,11.91
1619,11.91
1620,11.91
1621,11.91
1622,11.91
1623,11.91
1624,11.91
1625,11.91
1626,11.91
1627,11.91
1628,11.91
1629,11.91
1630,11.91
1631,11.91
1632,11.91
1633,11.91
1634,11.91
1635,11.91
1636,11.91
1637,11.91
1638,11.91
1639,11.91
1640,11.91
1641,11.91
1642,11.91
1643,11.91
1644,11.91
1645,11.91
1646,11.91
1647,11.91
1648,11.91
1649,11.91
1650,11.91
1651,11.91
1652,11.91
1653,11.91
1654,11.91
1655,11.91
1656,11.91
1657,11.91
1658,11.91
1659,11.91
1660,11.91
1661,11.91
1662,11.91
1663,11.91
1664,11.91
1665,11.91
1666,11.91
1667,11.91
1668,11.91
1669,11.91
1670,11.91
1671,11.91
1672,11.91
1673,11.91
1674,11.91
1675,11.91
1676,11.91
1677,11.91
1678,11.91
1679,11.91
1680,11.91
1681,11.91
1682,11.91
1683,11.91
1684,11.91
1685,11.91
1686,11.91
1687,11.91
1688,11.91
1689,11.91
1690,11.91
1691,11.91
1692,11.91
1693,11.91
1694,11.91
1695,11.91
1696,11.91
1697,11.91
1698,11.91
1699,11.91
1700,11.91
1701,11.91
1702,11.91
1703,11.91
1704,11.91
1705,11.91
1706,11.91
1707,11.91
1708,11.91
1709,11.91
1710,11.91
1711,11.91
1712,11.91
1713,11.91
1714,11.91
1715,11.91
1716,11.91
1717,11.91
1718,11.91
1719,11.91
1720,11.91
1721,11.91
1722,11.91
1723,11.91
1724,11.91
1725,11.91
1726,11.91
1727,11.91
1728,11.91
1729,11.91
1730,11.91
1731,11.91
1732,11.91
1733,11.91
1734,11.91
1735,11.91
1736,11.91
1737,11.91
1738,11.91
1739,11.91
1740,11.91
1741,11.91
1742,11.91
1743,11.91
1744,11.91
1745,11.91
1746,11.91
1747,11.91
1748,11.91
1749,11.91
1750,11.91
1751,11.91
1752,11.91
1753,11.91
1754,11.91
1755,11.91
1756,11.91
1757,11.91
1758,11.91
1759,11.91
1760,11.91
1761,11.91
1762,11.91
1763,11.91
1764,11.91
1765,11.91
1766,11.91
1767,11.91
1768,11.91
1769,11.91
1770,11.91
1771,11.91
1772,11.91
1773,11.91
1774,11.91
1775,11.91
1776,11.91
1777,11.91
1778,11.91
1779,11.91
1780,11.91
1781,11.91
1782,11.91
1783,11.91
1784,11.91
1785,11.91
1786,11.91
1787,11.91
1788,11.91
1789,11.91
1790,11.91
1791,11.91
1792,11.91
1793,11.91
1794,11.91
1795,11.91
1796,11.91
1797,11.91
1798,11.91
1799,11.91
1800,11.91
1801,11.91
1802,11.91
1803,11.91
1804,11.91
1805,11.91
1806,11.91
1807,11.91
1808,11.91
1809,11.91
1810,11.91
1811,11.91
1812,11.91
1813,11.91
1814,11.91
1815,11.91
1816,11.91
1817,11.91
1818,11.91
1819,11.91
1820,11.91
1821,11.91
1822,11.91
1823,11.91
1824,11.91
1825,11.91
1826,11.91
1827,11.91
1828,11.91
1829,11.91
1830,11.91
1831,11.91
1832,11.91
1833,11.91
1834,11.91
1835,11.91
1836,11.91
1837,11.91
1838,11.91
1839,11.91
1840,11.91
1841,11.91
1842,11.91
1843,11.91
1844,11.91
1845,11.91
1846,11.91
1847,11.91
1848,11.91
1849,11.91
1850,11.91
1851,11.91
1852,11.91
1853,11.91
1854,11.91
1855,11.91
1856,11.91
1857,11.91
1858,11.91
1859,11.91
1860,11.91
1861,11.91
1862,11.91
1863,11.91
1864,11.91
1865,11.91
1866,11.91
1867,11.91
1868,11.91
1869,11.91
1870,11.91
1871,11.91
1872,11.91
1873,11.91
1874,11.91
1875,11.91
1876,11.91
1877,11.91
1878,11.91
1879,11.91
1880,11.91
1881,11.91
1882,11.91
1883,11.91
1884,11.91
1885,11.91
1886,11.91
1887,11.91
1888,11.91
1889,11.91
1890,11.91
1891,11.91
1892,11.91
1893,11.91
1894,11.91
1895,11.91
1896,11.91
1897,11.91
1898,11.91
1899,11.91
1900,11.91
1901,11.91
1902,11.91
1903,11.91
1904,11.91
1905,11.91
1906,11.91
1907,11.91
1908,11.91
1909,11.91
1910,11.91
1911,11.91
1912,11.91
1913,11.91
1914,11.91
1915,11.91
1916,11.91
1917,11.91
1918,11.91
1919,11.91
1920,11.91
1921,11.91
1922,11.91
1923,11.91
1924,11.91
1925,11.91
1926,11.91
1927,11.91
1928,11.91
1929,11.91
1930,11.91
1931,11.91
1932,11.91
1933,11.91
1934,11.91
1935,11.91
1936,11.91
1937,11.91
1938,11.91
1939,11.91
1940,11.91
1941,11.91
1942,11.91
1943,11.91
1944,11.91
1945,11.91
1946,11.91
1947,11.91
1948,11.91
1949,11.91
1950,11.91
1951,11.91
1952,11.91
1953,11.91
1954,11.91
1955,11.91
1956,11.91
1957,11.91
1958,11.91
1959,11.91
1960,11.91
1961,11.91
1962,11.91
1963,11.91
1964,11.91
1965,11.91
1966,11.91
1967,11.91
1968,11.91
1969,11.91
1970,11.91
1971,11.91
1972,11.91
1973,11.91
1974,11.91
1975,11.91
1976,11.91
1977,11.91
1978,11.91
1979,11.91
1980,11.91
1981,11.91
1982,11.91
1983,11.91
1984,11.91
1985,11.91
1986,11.91
1987,11.91
1988,11.91
1989,11.91
1990,11.91
1991,11.91
1992,11.91
1993,11.91
1994,11.91
1995,11.91
1996,11.91
1997,11.91
1998,11.91
1999,11.91
2000,11.91
2001,11.91
2002,11.91
2003,11.91
2004,11.91
2005,11.91
2006,11.91
2007,11.91
2008,11.91
2009,11.91
2010,11.91
2011,11.91
2012,11.91
2013,11.91
2014,11.91
2015,11.91
2016,11.91
2017,11.91
2018,11.91
2019,11.91
2020,11.91
2021,11.91
2022,11.91
2023,11.91
2024,11.91
2025,11.91
2026,11.91
2027,11.91
2028,11.91
2029,11.91
2030,11.91
2031,11.91
2032,11.91
2033,11.91
2034,11.91
2035,11.91
2036,11.91
2037,11.91
2038,11.91
2039,11.91
2040,11.91
2041,11.91
2042,11.91
2043,11.91
2044,11.91
2045,11.91
2046,11.91
2047,11.91
2048,11.91
2049,11.91
2050,11.91
2051,11.91
2052,11.91
2053,11.91
2054,11.91
2055,11.91
2056,11.91
2057,11.91
2058,11.91
2059,11.91
2060,11.91
2061,11.91
2062,11.91
2063,11.91
2064,11.91
2065,11.91
2066,11.91
2067,11.91
2068,11.91
2069,11.91
2070,11.91
2071,11.91
2072,11.91
2073,11.91
2074,11.91
2075,11.91
2076,11.91
2077,11.91
2078,11.91
2079,11.91
2080,11.91
2081,11.91
2082,11.91
2083,11.91
2084,11.91
2085,11.91
2086,11.91
2087,11.91
2088,11.91
2089,11.91
2090,11.91
2091,11.91
2092,11.91
2093,11.91
2094,11.91
2095,11.91
2096,11.91
2097,11.91
2098,11.91
2099,11.91
2100,11.91
2101,11.91
2102,11.91
2103,11.91
2104,11.91
2105,11.91
2106,11.91
2107,11.91
2108,11.91
2109,11.91
2110,11.91
2111,11.91
2112,11.91
2113,11.91
2114,11.91
2115,11.91
2116,11.91
2117,11.91
2118,11.91
2119,11.91
2120,11.91
2121,11.91
2122,11.91
2123,11.91
2124,11.91
2125,11.91
2126,11.91
2127,11.91
2128,11.91
2129,11.91
2130,11.91
2131,11.91
2132,11.91
2133,11.91
2134,11.91
2135,11.91
2136,11.91
2137,11.91
2138,11.91
2139,11.91
2140,11.91
2141,11.91
2142,11.91
2143,11.91
2144,11.91
2145,11.91
2146,11.91
2147,11.91
2148,11.91
2149,11.91
2150,11.91
2151,11.91
2152,11.91
2153,11.91
2154,11.91
2155,11.91
2156,11.91
2157,11.91
2158,11.91
2159,11.91
2160,11.91
2161,11.91
2162,11.91
2163,11.91
2164,11.91
2165,11.91
2166,11.91
2167,11.91
2168,11.91
2169,11.91
2170,11.91
2171,11.91
2172,11.91
2173,11.91
2174,11.91
2175,11.91
2176,11.91
2177,11.91
2178,11.91
2179,11.91
2180,11.91
2181,11.91
2182,11.91
2183,11.91
2184,11.91
2185,11.91
2186,11.91
2187,11.91
2188,11.91
2189,11.91
2190,11.91
2191,11.91
2192,11.91
2193,11.91
2194,11.91
2195,11.91
2196,11.91
2197,11.91
2198,11.91
2199,11.91
2200,11.91
2201,11.91
2202,11.91
2203,11.91
2204,11.91
2205,11.91
2206,11.91
2207,11.91
2208,11.91
2209,11.91
2210,11.91
2211,11.91
2212,11.91
2213,11.91
2214,11.91
2215,11.91
2216,11.91
2217,11.91
2218,11.91
2219,11.91
2220,11.91
2221,11.91
2222,11.91
2223,11.91
2224,11.91
2225,11.91
2226,11.91
2227,11.91
2228,11.91
2229,11.91
2230,11.91
2231,11.91
2232,11.91
2233,11.91
2234,11.91
2235,11.91
2236,11.91
2237,11.91
2238,11.91
2239,11.91
2240,11.91
2241,11.91
2242,11.91
2243,11.91
2244,11.91
2245,11.91
2246,11.91
2247,11.91
2248,11.91
2249,11.91
2250,11.91
2251,11.91
2252,11.91
2253,11.91
2254,11.91
2255,11.91
2256,11.91
2257,11.91
2258,11.91
2259,11.91
2260,11.91
2261,11.91
2262,11.91
2263,11.91
2264,11.91
2265,11.91
2266,11.91
2267,11.91
2268,11.91
2269,11.91
2270,11.91
2271,11.91
2272,11.91
2273,11.91
2274,11.91
2275,11.91
2276,11.91
2277,11.91
2278,11.91
2279,11.91
2280,11.91
2281,11.91
2282,11.91
2283,11.91
2284,11.91
2285,11.91
2286,11.91
2287,11.91
2288,11.91
2289,11.91
2290,11.91
2291,11.91
2292,11.91
2293,11.91
2294,11.91
2295,11.91
2296,11.91
2297,11.91
2298,11.91
2299,11.91
2300,11.91
2301,11.91
2302,11.91
2303,11.91
2304,11.91
2305,11.91
2306,11.91
2307,11.91
2308,11.91
2309,11.91
2310,11.91
2311,11.91
2312,11.91
2313,11.91
2314,11.91
2315,11.91
2316,11.91
2317,11.91
2318,11.91
2319,11.91
2320,11.91
2321,11.91
2322,11.91
2323,11.91
2324,11.91
2325,11.91
2326,11.91
2327,11.91
2328,11.91
2329,11.91
2330,11.91
2331,11.91
2332,11.91
2333,11.91
2334,11.91
2335,11.91
2336,11.91
2337,11.91
2338,11.91
2339,11.91
2340,11.91
2341,11.91
2342,11.91
2343,11.91
2344,11.91
2345,11.91
2346,11.91
2347,11.91
2348,11.91
2349,11.91
2350,11.91
2351,11.91
2352,11.91
2353,11.91
2354,11.91
2355,11.91
2356,11.91
2357,11.91
2358,11.91
2359,11.91
2360,11.91
2361,11.91
2362,11.91
2363,11.91
2364,11.91
2365,11.91
2366,11.91
2367,11.91
2368,11.91
2369,11.91
2370,11.91
2371,11.91
2372,11.91
2373,11.91
2374,11.91
2375,11.91
2376,11.91
2377,11.91
2378,11.91
2379,11.91
2380,11.91
2381,11.91
2382,11.91
2383,11.91
2384,11.91
2385,11.91
2386,11.91
2387,11.91
2388,11.91
2389,11.91
2390,11.91
2391,11.91
2392,11.91
2393,11.91
2394,11.91
2395,11.91
2396,11.91
2397,11.91
2398,11.91
2399,11.91
2400,11.91
2401,11.91
2402,11.91
2403,11.91
2404,11.91
2405,11.91
2406,11.91
2407,11.91
2408,11.91
2409,11.91
2410,11.91
2411,11.91
2412,11.91
2413,11.91
2414,11.91
2415,11.91
2416,11.91
2417,11.91
2418,11.91
2419,11.91
2420,11.91
2421,11.91
2422,11.91
2423,11.91
2424,11.91
2425,11.91
2426,11.91
2427,11.91
2428,11.91
2429,11.91
2430,11.91
2431,11.91
2432,11.91
2433,11.91
2434,11.91
2435,11.91
2436,11.91
2437,11.91
2438,11.91
2439,11.91
2440,11.91
2441,11.91
2442,11.91
2443,11.91
2444,11.91
2445,11.91
2446,11.91
2447,11.91
2448,11.91
2449,11.91
2450,11.91
2451,11.91
2452,11.91
2453,11.91
2454,11.91
2455,11.91
2456,11.91
2457,11.91
2458,11.91
2459,11.91
2460,11.91
2461,11.91
2462,11.91
2463,11.91
2464,11.91
2465,11.91
2466,11.91
2467,11.91
2468,11.91
2469,11.91
2470,11.91
2471,11.91
2472,11.91
2473,11.91
2474,11.91
2475,11.91
2476,11.91
2477,11.91
2478,11.91
2479,11.91
2480,11.91
2481,11.91
2482,11.91
2483,11.91
2484,11.91
2485,11.91
2486,11.91
2487,11.91
2488,11.91
2489,11.91
2490,11.91
2491,11.91
2492,11.91
2493,11.91
2494,11.91
2495,11.91
2496,11.91
2497,11.91
2498,11.91
2499,11.91
2500,11.91
2501,11.91
2502,11.91
2503,11.91
2504,11.91
2505,11.91
2506,11.91
2507,11.91
2508,11.91
2509,11.91
2510,11.91
2511,11.91
2512,11.91
2513,11.91
2514,11.91
2515,11.91
2516,11.91
2517,11.91
2518,11.91
2519,11.91
2520,11.91
2521,11.91
2522,11.91
2523,11.91
2524,11.91
2525,11.91
2526,11.91
2527,11.91
2528,11.91
2529,11.91
2530,11.91
2531,11.91
2532,11.91
2533,11.91
2534,11.91
2535,11.91
2536,11.91
2537,11.91
2538,11.91
2539,11.91
2540,11.91
2541,11.91
2542,11.91
2543,11.91
2544,11.91
2545,11.91
2546,11.91
2547,11.91
2548,11.91
2549,11.91
2550,11.91
2551,11.91
2552,11.91
2553,11.91
2554,11.91
2555,11.91
2556,11.91
2557,11.91
2558,11.91
2559,11.91
2560,11.91
2561,11.91
2562,11.91
2563,11.91
2564,11.91
2565,11.91
2566,11.91
2567,11.91
2568,11.91
2569,11.91
2570,11.91
2571,11.91
2572,11.91
2573,11.91
2574,11.91
2575,11.91
2576,11.91
2577,11.91
2578,11.91
2579,11.91
2580,11.91
2581,11.91
2582,11.91
2583,11.91
2584,11.91
2585,11.91
2586,11.91
2587,11.91
2588,11.91
2589,11.91
2590,11.91
2591,11.91
2592,11.91
2593,11.91
2594,11.91
2595,11.91
2596,11.91
2597,11.91
2598,11.91
2599,11.91
2600,11.91
2601,11.91
2602,11.91
2603,11.91
2604,11.91
2605,11.91
2606,11.91
2607,11.91
2608,11.91
2609,11.91
2610,11.91
2611,11.91
2612,11.91
2613,11.91
2614,11.91
2615,11.91
2616,11.91
2617,11.91
2618,11.91
2619,11.91
2620,11.91
2621,11.91
2622,11.91
2623,11.91
2624,11.91
2625,11.91
2626,11.91
2627,11.91
2628,11.91
2629,11.91
2630,11.91
2631,11.91
2632,11.91
2633,11.91
2634,11.91
2635,11.91
2636,11.91
2637,11.91
2638,11.91
2639,11.91
2640,11.91
2641,11.91
2642,11.91
2643,11.91
2644,11.91
2645,11.91
2646,11.91
2647,11.91
2648,11.91
2649,11.91
2650,11.91
2651,11.91
2652,11.91
2653,11.91
2654,11.91
2655,11.91
2656,11.91
2657,11.91
2658,11.91
2659,11.91
2660,11.91
2661,11.91
2662,11.91
2663,11.91
2664,11.91
2665,11.91
2666,11.91
2667,11.91
2668,11.91
2669,11.91
2670,11.91
2671,11.91
2672,11.91
2673,11.91
2674,11.91
2675,11.91
2676,11.91
2677,11.91
2678,11.91
2679,11.91
2680,11.91
2681,11.91
2682,11.91
2683,11.91
2684,11.91
2685,11.91
2686,11.91
2687,11.91
2688,11.91
2689,11.91
2690,11.91
2691,11.91
2692,11.91
2693,11.91
2694,11.91
2695,11.91
2696,11.91
2697,11.91
2698,11.91
2699,11.91
2700,11.91
2701,11.91
2702,11.91
2703,11.91
2704,11.91
2705,11.91
2706,11.91
2707,11.91
2708,11.91
2709,11.91
2710,11.91
2711,11.91
2712,11.91
2713,11.91
2714,11.91
2715,11.91
2716,11.91
2717,11.91
2718,11.91
2719,11.91
2720,11.91
2721,11.91
2722,11.91
2723,11.91
2724,11.91
2725,11.91
2726,11.91
2727,11.91
2728,11.91
2729,11.91
2730,11.91
2731,11.91
2732,11.91
2733,11.91
2734,11.91
2735,11.91
2736,11.91
2737,11.91
2738,11.91
2739,11.91
2740,11.91
2741,11.91
2742,11.91
2743,11.91
2744,11.91
2745,11.91
2746,11.91
2747,11.91
2748,11.91
2749,11.91
2750,11.91
2751,11.91
2752,11.91
2753,11.91
2754,11.91
2755,11.91
2756,11.91
2757,11.91
2758,11.91
2759,11.91
2760,11.91
2761,11.91
2762,11.91
2763,11.91
2764,11.91
2765,11.91
2766,11.91
2767,11.91
2768,11.91
2769,11.91
2770,11.91
2771,11.91
2772,11.91
2773,11.91
2774,11.91
2775,11.91
2776,11.91
2777,11.91
2778,11.91
2779,11.91
2780,11.91
2781,11.91
2782,11.91
2783,11.91
2784,11.91
2785,11.91
2786,11.91
2787,11.91
2788,11.91
2789,11.91
2790,11.91
2791,11.91
2792,11.91
2793,11.91
2794,11.91
2795,11.91
2796,11.91
2797,11.91
2798,11.91
2799,11.91
2800,11.91
2801,11.91
2802,11.91
2803,11.91
2804,11.91
2805,11.91
2806,11.91
2807,11.91
2808,11.91
2809,11.91
2810,11.91
2811,11.91
2812,11.91
2813,11.91
2814,11.91
2815,11.91
2816,11.91
2817,11.91
2818,11.91
2819,11.91
2820,11.91
2821,11.91
2822,11.91
2823,11.91
2824,11.91
2825,11.91
2826,11.91
2827,11.91
2828,11.91
2829,11.91
2830,11.91
2831,11.91
2832,11.91
2833,11.91
2834,11.91
2835,11.91
2836,11.91
2837,11.91
2838,11.91
2839,11.91
2840,11.91
2841,11.91
2842,11.91
2843,11.91
2844,11.91
2845,11.91
2846,11.91
2847,11.91
2848,11.91
2849,11.91
2850,11.91
2851,11.91
2852,11.91
2853,11.91
2854,11.91
2855,11.91
2856,11.91
2857,11.91
2858,11.91
2859,11.91
2860,11.91
2861,11.91
2862,11.91
2863,11.91
2864,11.91
2865,11.91
2866,11.91
2867,11.91
2868,11.91
2869,11.91
2870,11.91
2871,11.91
2872,11.91
2873,11.91
2874,11.91
2875,11.91
2876,11.91
2877,11.91
2878,11.91
2879,11.91
2880,11.91
2881,11.91
2882,11.91
2883,11.91
2884,11.91
2885,11.91
2886,11.91
2887,11.91
2888,11.91
2889,11.91
2890,11.91
2891,11.91
2892,11.91
2893,11.91
2894,11.91
2895,11.91
2896,11.91
2897,11.91
2898,11.91
2899,11.91
2900,11.91
2901,11.91
2902,11.91
2903,11.91
2904,11.91
2905,11.91
2906,11.91
2907,11.91
2908,11.91
2909,11.91
2910,11.91
2911,11.91
2912,11.91
2913,11.91
2914,11.91
2915,11.91
2916,11.91
2917,11.91
2918,11.91
2919,11.91
2920,11.91
2921,11.91
2922,11.91
2923,11.91
2924,11.91
2925,11.91
2926,11.91
2927,11.91
2928,11.91
2929,11.91
2930,11.91
2931,11.91
2932,11.91
2933,11.91
2934,11.91
2935,11.91
2936,11.91
2937,11.91
2938,11.91
2939,11.91
2940,11.91
2941,11.91
2942,11.91
2943,11.91
2944,11.91
2945,11.91
2946,11.91
2947,11.91
2948,11.91
2949,11.91
2950,11.91
2951,11.91
2952,11.91
2953,11.91
2954,11.91
2955,11.91
2956,11.91
2957,11.91
2958,11.91
2959,11.91
2960,11.91
2961,11.91
2962,11.91
2963,11.91
2964,11.91
2965,11.91
2966,11.91
2967,11.91
2968,11.91
2969,11.91
2970,11.91
2971,11.91
2972,11.91
2973,11.91
2974,11.91
2975,11.91
2976,11.91
2977,11.91
2978,11.91
2979,11.91
2980,11.91
2981,11.91
2982,11.91
2983,11.91
2984,11.91
2985,11.91
2986,11.91
2987,11.91
2988,11.91
2989,11.91
2990,11.91
2991,11.91
2992,11.91
2993,11.91
2994,11.91
2995,11.91
2996,11.91
2997,11.91
2998,11.91
2999,11.91
3000,11.91
3001,11.91
3002,11.91
3003,11.91
3004,11.91
3005,11.91
3006,11.91
3007,11.91
3008,11.91
3009,11.91
3010,11.91
3011,11.91
3012,11.91
3013,11.91
3014,11.91
3015,11.91
3016,11.91
3017,11.91
3018,11.91
3019,11.91
3020,11.91
3021,11.91
3022,11.91
3023,11.91
3024,11.91
3025,11.91
3026,11.91
3027,11.91
3028,11.91
3029,11.91
3030,11.91
3031,11.91
3032,11.91
3033,11.91
3034,11.91
3035,11.91
3036,11.91
3037,11.91
3038,11.91
3039,11.91
3040,11.91
3041,11.91
3042,11.91
3043,11.91
3044,11.91
3045,11.91
3046,11.91
3047,11.91
3048,11.91
3049,11.91
3050,11.91
3051,11.91
3052,11.91
3053,11.91
3054,11.91
3055,11.91
3056,11.91
3057,11.91
3058,11.91
3059,11.91
3060,11.91
3061,11.91
3062,11.91
3063,11.91
3064,11.91
3065,11.91
3066,11.91
3067,11.91
3068,11.91
3069,11.91
3070,11.91
3071,11.91
3072,11.91
3073,11.91
3074,11.91
3075,11.91
3076,11.91
3077,11.91
3078,11.91
3079,11.91
3080,11.91
3081,11.91
3082,11.91
3083,11.91
3084,11.91
3085,11.91
3086,11.91
3087,11.91
3088,11.91
3089,11.91
3090,11.91
3091,11.91
3092,11.91
3093,11.91
3094,11.91
3095,11.91
3096,11.91
3097,11.91
3098,11.91
3099,11.91
3100,11.91
3101,11.91
3102,11.91
3103,11.91
3104,11.91
3105,11.91
3106,11.91
3107,11.91
3108,11.91
3109,11.91
3110,11.91
3111,11.91
3112,11.91
3113,11.91
3114,11.91
3115,11.91
3116,11.91
3117,11.91
3118,11.91
3119,11.91
3120,11.91
3121,11.91
3122,11.91
3123,11.91
3124,11.91
3125,11.91
3126,11.91
3127,11.91
3128,11.91
3129,11.91
3130,11.91
3131,11.91
3132,11.91
3133,11.91
3134,11.91
3135,11.91
3136,11.91
3137,11.91
3138,11.91
3139,11.91
3140,11.91
3141,11.91
3142,11.91
3143,11.91
3144,11.91
3145,11.91
3146,11.91
3147,11.91
3148,11.91
3149,11.91
3150,11.91
3151,11.91
3152,11.91
3153,11.91
3154,11.91
3155,11.91
3156,11.91
3157,11.91
3158,11.91
3159,11.91
3160,11.91
3161,11.91
3162,11.91
3163,11.91
3164,11.91
3165,11.91
3166,11.91
3167,11.91
3168,11.91
3169,11.91
3170,11.91
3171,11.91
3172,11.91
3173,11.91
3174,11.91
3175,11.91
3176,11.91
3177,11.91
3178,11.91
3179,11.91
3180,11.91
3181,11.91
3182,11.91
3183,11.91
3184,11.91
3185,11.91
3186,11.91
3187,11.91
3188,11.91
3189,11.91
3190,11.91
3191,11.91
3192,11.91
3193,11.91
3194,11.91
3195,11.91
3196,11.91
3197,11.91
3198,11.91
3199,11.91
3200,11.91
3201,11.91
3202,11.91
3203,11.91
3204,11.91
3205,11.91
3206,11.91
3207,11.91
3208,11.91
3209,11.91
3210,11.91
3211,11.91
3212,11.91
3213,11.91
3214,11.91
3215,11.91
3216,11.91
3217,11.91
3218,11.91
3219,11.91
3220,11.91
3221,11.91
3222,11.91
3223,11.91
3224,11.91
3225,11.91
3226,11.91
3227,11.91
3228,11.91
3229,11.91
3230,11.91
3231,11.91
3232,11.91
3233,11.91
3234,11.91
3235,11.91
3236,11.91
3237,11.91
3238,11.91
3239,11.91
3240,11.91
3241,11.91
3242,11.91
3243,11.91
3244,11.91
3245,11.91
3246,11.91
3247,11.91
3248,11.91
3249,11.91
3250,11.91
3251,11.91
3252,11.91
3253,11.91
3254,11.91
3255,11.91
3256,11.91
3257,11.91
3258,11.91
3259,11.91
3260,11.91
3261,11.91
3262,11.91
3263,11.91
3264,11.91
3265,11.91
3266,11.91
3267,11.91
3268,11.91
3269,11.91
3270,11.91
3271,11.91
3272,11.91
3273,11.91
3274,11.91
3275,11.91
3276,11.91
3277,11.91
3278,11.91
3279,11.91
3280,11.91
3281,11.91
3282,11.91
3283,11.91
3284,11.91
3285,11.91
3286,11.91
3287,11.91
3288,11.91
3289,11.91
3290,11.91
3291,11.91
3292,11.91
3293,11.91
3294,11.91
3295,11.91
3296,11.91
3297,11.91
3298,11.91
3299,11.91
3300,11.91
3301,11.91
3302,11.91
3303,11.91
3304,11.91
3305,11.91
3306,11.91
3307,11.91
3308,11.91
3309,11.91
3310,11.91
3311,11.91
3312,11.91
3313,11.91
3314,11.91
3315,11.91
3316,11.91
3317,11.91
3318,11.91
3319,11.91
3320,11.91
3321,11.91
3322,11.91
3323,11.91
3324,11.91
3325,11.91
3326,11.91
3327,11.91
3328,11.91
3329,11.91
3330,11.91
3331,11.91
3332,11.91
3333,11.91
3334,11.91
3335,11.91
3336,11.91
3337,11.91
3338,11.91
3339,11.91
3340,11.91
3341,11.91
3342,11.91
3343,11.91
3344,11.91
3345,11.91
3346,11.91
3347,11.91
3348,11.91
3349,11.91
3350,11.91
3351,11.91
3352,11.91
3353,11.91
3354,11.91
3355,11.91
3356,11.91
3357,11.91
3358,11.91
3359,11.91
3360,11.91
3361,11.91
3362,11.91
3363,11.91
3364,11.91
3365,11.91
3366,11.91
3367,11.91
3368,11.91
3369,11.91
3370,11.91
3371,11.91
3372,11.91
3373,11.91
3374,11.91
3375,11.91
3376,11.91
3377,11.91
3378,11.91
3379,11.91
3380,11.91
3381,11.91
3382,11.91
3383,11.91
3384,11.91
3385,11.91
3386,11.91
3387,11.91
3388,11.91
3389,11.91
3390,11.91
3391,11.91
3392,11.91
3393,11.91
3394,11.91
3395,11.91
3396,11.91
3397,11.91
3398,11.91
3399,11.91
3400,11.91
3401,11.91
3402,11.91
3403,11.91
3404,11.91
3405,11.91
3406,11.91
3407,11.91
3408,11.91
3409,11.91
3410,11.91
3411,11.91
3412,11.91
3413,11.91
3414,11.91
3415,11.91
3416,11.91
3417,11.91
3418,11.91
3419,11.91
3420,11.91
3421,11.91
3422,11.91
3423,11.91
3424,11.91
3425,11.91
3426,11.91
3427,11.91
3428,11.91
3429,11.91
3430,11.91
3431,11.91
3432,11.91
3433,11.91
3434,11.91
3435,11.91
3436,11.91
3437,11.91
3438,11.91
3439,11.91
3440,11.91
3441,11.91
3442,11.91
3443,11.91
3444,11.91
3445,11.91
3446,11.91
3447,11.91
3448,11.91
3449,11.91
3450,11.91
3451,11.91
3452,11.91
3453,11.91
3454,11.91
3455,11.91
3456,11.91
3457,11.91
3458,11.91
3459,11.91
3460,11.91
3461,11.91
3462,11.91
3463,11.91
3464,11.91
3465,11.91
3466,11.91
3467,11.91
3468,11.91
3469,11.91
3470,11.91
3471,11.91
3472,11.91
3473,11.91
3474,11.91
3475,11.91
3476,11.91
3477,11.91
3478,11.91
3479,11.91
3480,11.91
3481,11.91
3482,11.91
3483,11.91
3484,11.91
3485,11.91
3486,11.91
3487,11.91
3488,11.91
3489,11.91
3490,11.91
3491,11.91
3492,11.91
3493,11.91
3494,11.91
3495,11.91
3496,11.91
3497,11.91
3498,11.91
3499,11.91
3500,11.91
3501,11.91
3502,11.91
3503,11.91
3504,11.91
3505,11.91
3506,11.91
3507,11.91
3508,11.91
3509,11.91
3510,11.91
3511,11.91
3512,11.91
3513,11.91
3514,11.91
3515,11.91
3516,11.91
3517,11.91
3518,11.91
3519,11.91
3520,11.91
3521,11.91
3522,11.91
3523,11.91
3524,11.91
3525,11.91
3526,11.91
3527,11.91
3528,11.91
3529,11.91
3530,11.91
3531,11.91
3532,11.91
3533,11.91
3534,11.91
3535,11.91
3536,11.91
3537,11.91
3538,11.91
3539,11.91
3540,11.91
3541,11.91
3542,11.91
3543,11.91
3544,11.91
3545,11.91
3546,11.91
3547,11.91
3548,11.91
3549,11.91
3550,11.91
3551,11.91
3552,11.91
3553,11.91
3554,11.91
3555,11.91
3556,11.91
3557,11.91
3558,11.91
3559,11.91
3560,11.91
3561,11.91
3562,11.91
3563,11.91
3564,11.91
3565,11.91
3566,11.91
3567,11.91
3568,11.91
3569,11.91
3570,11.91
3571,11.91
3572,11.91
3573,11.91
3574,11.91
3575,11.91
3576,11.91
3577,11.91
3578,11.91
3579,11.91
3580,11.91
3581,11.91
3582,11.91
3583,11.91
3584,11.91
3585,11.91
3586,11.91
3587,11.91
3588,11.91
3589,11.91
3590,11.91
3591,11.91
3592,11.91
3593,11.91
3594,11.91
3595,11.91
3596,11.91
3597,11.91
3598,11.91
3599,11.91
3600,11.91
3601,11.91
3602,11.91
3603,11.91
3604,11.91
3605,11.91
3606,11.91
3607,11.91
3608,11.91
3609,11.91
3610,11.91
3611,11.91
3612,11.91
3613,11.91
3614,11.91
3615,11.91
3616,11.91
3617,11.91
3618,11.91
3619,11.91
3620,11.91
3621,11.91
3622,11.91
3623,11.91
3624,11.91
3625,11.91
3626,11.91
3627,11.91
3628,11.91
3629,11.91
3630,11.91
3631,11.91
3632,11.91
3633,11.91
3634,11.91
3635,11.91
3636,11.91
3637,11.91
3638,11.91
3639,11.91
3640,11.91
3641,11.91
3642,11.91
3643,11.91
3644,11.91
3645,11.91
3646,11.91
3647,11.91
3648,11.91
3649,11.91
3650,11.91
3651,11.91
3652,11.91
3653,11.91
3654,11.91
3655,11.91
3656,11.91
3657,11.91
3658,11.91
3659,11.91
3660,11.91
3661,11.91
3662,11.91
3663,11.91
3664,11.91
3665,11.91
3666,11.91
3667,11.91
3668,11.91
3669,11.91
3670,11.91
3671,11.91
3672,11.91
3673,11.91
3674,11.91
3675,11.91
3676,11.91
3677,11.91
3678,11.91
3679,11.91
3680,11.91
3681,11.91
3682,11.91
3683,11.91
3684,11.91
3685,11.91
3686,11.91
3687,11.91
3688,11.91
3689,11.91
3690,11.91
3691,11.91
3692,11.91
3693,11.91
3694,11.91
3695,11.91
3696,11.91
3697,11.91
3698,11.91
3699,11.91
3700,11.91
3701,11.91
3702,11.91
3703,11.91
3704,11.91
3705,11.91
3706,11.91
3707,11.91
3708,11.91
3709,11.91
3710,11.91
3711,11.91
3712,11.91
3713,11.91
3714,11.91
3715,11.91
3716,11.91
3717,11.91
3718,11.91
3719,11.91
3720,11.91
3721,11.91
3722,11.91
3723,11.91
3724,11.91
3725,11.91
3726,11.91
3727,11.91
3728,11.91
3729,11.91
3730,11.91
3731,11.91
3732,11.91
3733,11.91
3734,11.91
3735,11.91
3736,11.91
3737,11.91
3738,11.91
3739,11.91
3740,11.91
3741,11.91
3742,11.91
3743,11.91
3744,11.91
3745,11.91
3746,11.91
3747,11.91
3748,11.91
3749,11.91
3750,11.91
3751,11.91
3752,11.91
3753,11.91
3754,11.91
3755,11.91
3756,11.91
3757,11.91
3758,11.91
3759,11.91
3760,11.91
3761,11.91
3762,11.91
3763,11.91
3764,11.91
3765,11.91
3766,11.91
3767,11.91
3768,11.91
3769,11.91
3770,11.91
3771,11.91
3772,11.91
3773,11.91
3774,11.91
3775,11.91
3776,11.91
3777,11.91
3778,11.91
3779,11.91
3780,11.91
3781,11.91
3782,11.91
3783,11.91
3784,11.91
3785,11.91
3786,11.91
3787,11.91
3788,11.91
3789,11.91
3790,11.91
3791,11.91
3792,11.91
3793,11.91
3794,11.91
3795,11.91
3796,11.91
3797,11.91
3798,11.91
3799,11.91
3800,11.91
3801,11.91
3802,11.91
3803,11.91
3804,11.91
3805,11.91
3806,11.91
3807,11.91
3808,11.91
3809,11.91
3810,11.91
3811,11.91
3812,11.91
3813,11.91
3814,11.91
3815,11.91
3816,11.91
3817,11.91
3818,11.91
3819,11.91
3820,11.91
3821,11.91
3822,11.91
3823,11.91
3824,11.91
3825,11.91
3826,11.91
3827,11.91
3828,11.91
3829,11.91
3830,11.91
3831,11.91
3832,11.91
3833,11.91
3834,11.91
3835,11.91
3836,11.91
3837,11.91
3838,11.91
3839,11.91
3840,11.91
3841,11.91
3842,11.91
3843,11.91
3844,11.91
3845,11.91
3846,11.91
3847,11.91
3848,11.91
3849,11.91
3850,11.91
3851,11.91
3852,11.91
3853,11.91
3854,11.91
3855,11.91
3856,11.91
3857,11.91
3858,11.91
3859,11.91
3860,11.91
3861,11.91
3862,11.91
3863,11.91
3864,11.91
3865,11.91
3866,11.91
3867,11.91
3868,11.91
3869,11.91
3870,11.91
3871,11.91
3872,11.91
3873,11.91
3874,11.91
3875,11.91
3876,11.91
3877,11.91
3878,11.91
3879,11.91
3880,11.91
3881,11.91
3882,11.91
3883,11.91
3884,11.91
3885,11.91
3886,11.91
3887,11.91
3888,11.91
3889,11.91
3890,11.91
3891,11.91
3892,11.91
3893,11.91
3894,11.91
3895,11.91
3896,11.91
3897,11.91
3898,11.91
3899,11.91
3900,11.91
3901,11.91
3902,11.91
3903,11.91
3904,11.91
3905,11.91
3906,11.91
3907,11.91
3908,11.91
3909,11.91
3910,11.91
3911,11.91
3912,11.91
3913,11.91
3914,11.91
3915,11.91
3916,11.91
3917,11.91
3918,11.91
3919,11.91
3920,11.91
3921,11.91
3922,11.91
3923,11.91
3924,11.91
3925,11.91
3926,11.91
3927,11.91
3928,11.91
3929,11.91
3930,11.91
3931,11.91
3932,11.91
3933,11.91
3934,11.91
3935,11.91
3936,11.91
3937,11.91
3938,11.91
3939,11.91
3940,11.91
3941,11.91
3942,11.91
3943,11.91
3944,11.91
3945,11.91
3946,11.91
3947,11.91
3948,11.91
3949,11.91
3950,11.91
3951,11.91
3952,11.91
3953,11.91
3954,11.91
3955,11.91
3956,11.91
3957,11.91
3958,11.91
3959,11.91
3960,11.91
3961,11.91
3962,11.91
3963,11.91
3964,11.91
3965,11.91
3966,11.91
3967,11.91
3968,11.91
3969,11.91
3970,11.91
3971,11.91
3972,11.91
3973,11.91
3974,11.91
3975,11.91
3976,11.91
3977,11.91
3978,11.91
3979,11.91
3980,11.91
3981,11.91
3982,11.91
3983,11.91
3984,11.91
3985,11.91
3986,11.91
3987,11.91
3988,11.91
3989,11.91
3990,11.91
3991,11.91
3992,11.91
3993,11.91
3994,11.91
3995,11.91
3996,11.91
3997,11.91
3998,11.91
3999,11.91
4000,11.91
4001,11.91
4002,11.91
4003,11.91
4004,11.91
4005,11.91
4006,11.91
4007,11.91
4008,11.91
4009,11.91
4010,11.91
4011,11.91
4012,11.91
4013,11.91
4014,11.91
4015,11.91
4016,11.91
4017,11.91
4018,11.91
4019,11.91
4020,11.91
4021,11.91
4022,11.91
4023,11.91
4024,11.91
4025,11.91
4026,11.91
4027,11.91
4028,11.91
4029,11.91
4030,11.91
4031,11.91
4032,11.91
4033,11.91
4034,11.91
4035,11.91
4036,11.91
4037,11.91
4038,11.91
4039,11.91
4040,11.91
4041,11.91
4042,11.91
4043,11.91
4044,11.91
4045,11.91
4046,11.91
4047,11.91
4048,11.91
4049,11.91
4050,11.91
4051,11.91
4052,11.91
4053,11.91
4054,11.91
4055,11.91
4056,11.91
4057,11.91
4058,11.91
4059,11.91
4060,11.91
4061,11.91
4062,11.91
4063,11.91
4064,11.91
4065,11.91
4066,11.91
4067,11.91
4068,11.91
4069,11.91
4070,11.91
4071,11.91
4072,11.91
4073,11.91
4074,11.91
4075,11.91
4076,11.91
4077,11.91
4078,11.91
4079,11.91
4080,11.91
4081,11.91
4082,11.91
4083,11.91
4084,11.91
4085,11.91
4086,11.91
4087,11.91
4088,11.91
4089,11.91
4090,11.91
4091,11.91
4092,11.91
4093,11.91
4094,11.91
4095,11.91
4096,11.91
4097,11.91
4098,11.91
4099,11.91
4100,11.91
4101,11.91
4102,11.91
4103,11.91
4104,11.91
4105,11.91
4106,11.91
4107,11.91
4108,11.91
4109,11.91
4110,11.91
4111,11.91
4112,11.91
4113,11.91
4114,11.91
4115,11.91
4116,11.91
4117,11.91
4118,11.91
4119,11.91
4120,11.91
4121,11.91
4122,11.91
4123,11.91
4124,11.91
4125,11.91
4126,11.91
4127,11.91
4128,11.91
4129,11.91
4130,11.91
4131,11.91
4132,11.91
4133,11.91
4134,11.91
4135,11.91
4136,11.91
4137,11.91
4138,11.91
4139,11.91
4140,11.91
4141,11.91
4142,11.91
4143,11.91
4144,11.91
4145,11.91
4146,11.91
4147,11.91
4148,11.91
4149,11.91
4150,11.91
4151,11.91
4152,11.91
4153,11.91
4154,11.91
4155,11.91
4156,11.91
4157,11.91
4158,11.91
4159,11.91
4160,11.91
4161,11.91
4162,11.91
4163,11.91
4164,11.91
4165,11.91
4166,11.91
4167,11.91
4168,11.91
4169,11.91
4170,11.91
4171,11.91
4172,11.91
4173,11.91
4174,11.91
4175,11.91
4176,11.91
4177,11.91
4178,11.91
4179,11.91
4180,11.91
4181,11.91
4182,11.91
4183,11.91
4184,11.91
4185,11.91
4186,11.91
4187,11.91
4188,11.91
4189,11.91
4190,11.91
4191,11.91
4192,11.91
4193,11.91
4194,11.91
4195,11.91
4196,11.91
4197,11.91
4198,11.91
4199,11.91
4200,11.91
4201,11.91
4202,11.91
4203,11.91
4204,11.91
4205,11.91
4206,11.91
4207,11.91
4208,11.91
4209,11.91
4210,11.91
4211,11.91
4212,11.91
4213,11.91
4214,11.91
4215,11.91
4216,11.91
4217,11.91
4218,11.91
4219,11.91
4220,11.91
4221,11.91
4222,11.91
4223,11.91
4224,11.91
4225,11.91
4226,11.91
4227,11.91
4228,11.91
4229,11.91
4230,11.91
4231,11.91
4232,11.91
4233,11.91
4234,11.91
4235,11.91
4236,11.91
4237,11.91
4238,11.91
4239,11.91
4240,11.91
4241,11.91
4242,11.91
4243,11.91
4244,11.91
4245,11.91
4246,11.91
4247,11.91
4248,11.91
4249,11.91
4250,11.91
4251,11.91
4252,11.91
4253,11.91
4254,11.91
4255,11.91
4256,11.91
4257,11.91
4258,11.91
4259,11.91
4260,11.91
4261,11.91
4262,11.91
4263,11.91
4264,11.91
4265,11.91
4266,11.91
4267,11.91
4268,11.91
4269,11.91
4270,11.91
4271,11.91
4272,11.91
4273,11.91
4274,11.91
4275,11.91
4276,11.91
4277,11.91
4278,11.91
4279,11.91
4280,11.91
4281,11.91
4282,11.91
4283,11.91
4284,11.91
4285,11.91
4286,11.91
4287,11.91
4288,11.91
4289,11.91
4290,11.91
4291,11.91
4292,11.91
4293,11.91
4294,11.91
4295,11.91
4296,11.91
4297,11.91
4298,11.91
4299,11.91
4300,11.91
4301,11.91
4302,11.91
4303,11.91
4304,11.91
4305,11.91
4306,11.91
4307,11.91
4308,11.91
4309,11.91
4310,11.91
4311,11.91
4312,11.91
4313,11.91
4314,11.91
4315,11.91
4316,11.91
4317,11.91
4318,11.91
4319,11.91
4320,11.91
4321,11.91
4322,11.91
4323,11.91
4324,11.91
4325,11.91
4326,11.91
4327,11.91
4328,11.91
4329,11.91
4330,11.91
4331,11.91
4332,11.91
4333,11.91
4334,11.91
4335,11.91
4336,11.91
4337,11.91
4338,11.91
4339,11.91
4340,11.91
4341,11.91
4342,11.91
4343,11.91
4344,11.91
4345,11.91
4346,11.91
4347,11.91
4348,11.91
4349,11.91
4350,11.91
4351,11.91
4352,11.91
4353,11.91
4354,11.91
4355,11.91
4356,11.91
4357,11.91
4358,11.91
4359,11.91
4360,11.91
4361,11.91
4362,11.91
4363,11.91
4364,11.91
4365,11.91
4366,11.91
4367,11.91
4368,11.91
4369,11.91
4370,11.91
4371,11.91
4372,11.91
4373,11.91
4374,11.91
4375,11.91
4376,11.91
4377,11.91
4378,11.91
4379,11.91
4380,11.91
4381,11.91
4382,11.91
4383,11.91
4384,11.91
4385,11.91
4386,11.91
4387,11.91
4388,11.91
4389,11.91
4390,11.91
4391,11.91
4392,11.91
4393,11.91
4394,11.91
4395,11.91
4396,11.91
4397,11.91
4398,11.91
4399,11.91
4400,11.91
4401,11.91
4402,11.91
4403,11.91
4404,11.91
4405,11.91
4406,11.91
4407,11.91
4408,11.91
4409,11.91
4410,11.91
4411,11.91
4412,11.91
4413,11.91
4414,11.91
4415,11.91
4416,11.91
4417,11.91
4418,11.91
4419,11.91
4420,11.91
4421,11.91
4422,11.91
4423,11.91
4424,11.91
4425,11.91
4426,11.91
4427,11.91
4428,11.91
4429,11.91
4430,11.91
4431,11.91
4432,11.91
4433,11.91
4434,11.91
4435,11.91
4436,11.91
4437,11.91
4438,11.91
4439,11.91
4440,11.91
4441,11.91
4442,11.91
4443,11.91
4444,11.91
4445,11.91
4446,11.91
4447,11.91
4448,11.91
4449,11.91
4450,11.91
4451,11.91
4452,11.91
4453,11.91
4454,11.91
4455,11.91
4456,11.91
4457,11.91
4458,11.91
4459,11.91
4460,11.91
4461,11.91
4462,11.91
4463,11.91
4464,11.91
4465,11.91
4466,11.91
4467,11.91
4468,11.91
4469,11.91
4470,11.91
4471,11.91
4472,11.91
4473,11.91
4474,11.91
4475,11.91
4476,11.91
4477,11.91
4478,11.91
4479,11.91
4480,11.91
4481,11.91
4482,11.91
4483,11.91
4484,11.91
4485,11.91
4486,11.91
4487,11.91
4488,11.91
4489,11.91
4490,11.91
4491,11.91
4492,11.91
4493,11.91
4494,11.91
4495,11.91
4496,11.91
4497,11.91
4498,11.91
4499,11.91
4500,11.91
4501,11.91
4502,11.91
4503,11.91
4504,11.91
4505,11.91
4506,11.91
4507,11.91
4508,11.91
4509,11.91
4510,11.91
4511,11.91
4512,11.91
4513,11.91
4514,11.91
4515,11.91
4516,11.91
4517,11.91
4518,11.91
4519,11.91
4520,11.91
4521,11.91
4522,11.91
4523,11.91
4524,11.91
4525,11.91
4526,11.91
4527,11.91
4528,11.91
4529,11.91
4530,11.91
4531,11.91
4532,11.91
4533,11.91
4534,11.91
4535,11.91
4536,11.91
4537,11.91
4538,11.91
4539,11.91
4540,11.91
4541,11.91
4542,11.91
4543,11.91
4544,11.91
4545,11.91
4546,11.91
4547,11.91
4548,11.91
4549,11.91
4550,11.91
4551,11.91
4552,11.91
4553,11.91
4554,11.91
4555,11.91
4556,11.91
4557,11.91
4558,11.91
4559,11.91
4560,11.91
4561,11.91
4562,11.91
4563,11.91
4564,11.91
4565,11.91
4566,11.91
4567,11.91
4568,11.91
4569,11.91
4570,11.91
4571,11.91
4572,11.91
4573,11.91
4574,11.91
4575,11.91
4576,11.91
4577,11.91
4578,11.91
4579,11.91
4580,11.91
4581,11.91
4582,11.91
4583,11.91
4584,11.91
4585,11.91
4586,11.91
4587,11.91
4588,11.91
4589,11.91
4590,11.91
4591,11.91
4592,11.91
4593,11.91
4594,11.91
4595,11.91
4596,11.91
4597,11.91
4598,11.91
4599,11.91
4600,11.91
4601,11.91
4602,11.91
4603,11.91
4604,11.91
4605,11.91
4606,11.91
4607,11.91
4608,11.91
4609,11.91
4610,11.91
4611,11.91
4612,11.91
4613,11.91
4614,11.91
4615,11.91
4616,11.91
4617,11.91
4618,11.91
4619,11.91
4620,11.91
4621,11.91
4622,11.91
4623,11.91
4624,11.91
4625,11.91
4626,11.91
4627,11.91
4628,11.91
4629,11.91
4630,11.91
4631,11.91
4632,11.91
4633,11.91
4634,11.91
4635,11.91
4636,11.91
4637,11.91
4638,11.91
4639,11.91
4640,11.91
4641,11.91
4642,11.91
4643,11.91
4644,11.91
4645,11.91
4646,11.91
4647,11.91
4648,11.91
4649,11.91
4650,11.91
4651,11.91
4652,11.91
4653,11.91
4654,11.91
4655,11.91
4656,11.91
4657,11.91
4658,11.91
4659,11.91
4660,11.91
4661,11.91
4662,11.91
4663,11.91
4664,11.91
4665,11.91
4666,11.91
4667,11.91
4668,11.91
4669,11.91
4670,11.91
4671,11.91
4672,11.91
4673,11.91
4674,11.91
4675,11.91
4676,11.91
4677,11.91
4678,11.91
4679,11.91
4680,11.91
4681,11.91
4682,11.91
4683,11.91
4684,11.91
4685,11.91
4686,11.91
4687,11.91
4688,11.91
4689,11.91
4690,11.91
4691,11.91
4692,11.91
4693,11.91
4694,11.91
4695,11.91
4696,11.91
4697,11.91
4698,11.91
4699,11.91
4700,11.91
4701,11.91
4702,11.91
4703,11.91
4704,11.91
4705,11.91
4706,11.91
4707,11.91
4708,11.91
4709,11.91
4710,11.91
4711,11.91
4712,11.91
4713,11.91
4714,11.91
4715,11.91
4716,11.91
4717,11.91
4718,11.91
4719,11.91
4720,11.91
4721,11.91
4722,11.91
4723,11.91
4724,11.91
4725,11.91
4726,11.91
4727,11.91
4728,11.91
4729,11.91
4730,11.91
4731,11.91
4732,11.91
4733,11.91
4734,11.91
4735,11.91
4736,11.91
4737,11.91
4738,11.91
4739,11.91
4740,11.91
4741,11.91
4742,11.91
4743,11.91
4744,11.91
4745,11.91
4746,11.91
4747,11.91
4748,11.91
4749,11.91
4750,11.91
4751,11.91
4752,11.91
4753,11.91
4754,11.91
4755,11.91
4756,11.91
4757,11.91
4758,11.91
4759,11.91
4760,11.91
4761,11.91
4762,11.91
4763,11.91
4764,11.91
4765,11.91
4766,11.91
4767,11.91
4768,11.91
4769,11.91
4770,11.91
4771,11.91
4772,11.91
4773,11.91
4774,11.91
4775,11.91
4776,11.91
4777,11.91
4778,11.91
4779,11.91
4780,11.91
4781,11.91
4782,11.91
4783,11.91
4784,11.91
4785,11.91
4786,11.91
4787,11.91
4788,11.91
4789,11.91
4790,11.91
4791,11.91
4792,11.91
4793,11.91
4794,11.91
4795,11.91
4796,11.91
4797,11.91
4798,11.91
4799,11.91
4800,11.91
4801,11.91
4802,11.91
4803,11.91
4804,11.91
4805,11.91
4806,11.91
4807,11.91
4808,11.91
4809,11.91
4810,11.91
4811,11.91
4812,11.91
4813,11.91
4814,11.91
4815,11.91
4816,11.91
4817,11.91
4818,11.91
4819,11.91
4820,11.91
4821,11.91
4822,11.91
4823,11.91
4824,11.91
4825,11.91
4826,11.91
4827,11.91
4828,11.91
4829,11.91
4830,11.91
4831,11.91
4832,11.91
4833,11.91
4834,11.91
4835,11.91
4836,11.91
4837,11.91
4838,11.91
4839,11.91
4840,11.91
4841,11.91
4842,11.91
4843,11.91
4844,11.91
4845,11.91
4846,11.91
4847,11.91
4848,11.91
4849,11.91
4850,11.91
4851,11.91
4852,11.91
4853,11.91
4854,11.91
4855,11.91
4856,11.91
4857,11.91
4858,11.91
4859,11.91
4860,11.91
4861,11.91
4862,11.91
4863,11.91
4864,11.91
4865,11.91
4866,11.91
4867,11.91
4868,11.91
4869,11.91
4870,11.91
4871,11.91
4872,11.91
4873,11.91
4874,11.91
4875,11.91
4876,11.91
4877,11.91
4878,11.91
4879,11.91
4880,11.91
4881,11.91
4882,11.91
4883,11.91
4884,11.91
4885,11.91
4886,11.91
4887,11.91
4888,11.91
4889,11.91
4890,11.91
4891,11.91
4892,11.91
4893,11.91
4894,11.91
4895,11.91
4896,11.91
4897,11.91
4898,11.91
4899,11.91
4900,11.91
4901,11.91
4902,11.91
4903,11.91
4904,11.91
4905,11.91
4906,11.91
4907,11.91
4908,11.91
4909,11.91
4910,11.91
4911,11.91
4912,11.91
4913,11.91
4914,11.91
4915,11.91
4916,11.91
4917,11.91
4918,11.91
4919,11.91
4920,11.91
4921,11.91
4922,11.91
4923,11.91
4924,11.91
4925,11.91
4926,11.91
4927,11.91
4928,11.91
4929,11.91
4930,11.91
4931,11.91
4932,11.91
4933,11.91
4934,11.91
4935,11.91
4936,11.91
4937,11.91
4938,11.91
4939,11.91
4940,11.91
4941,11.91
4942,11.91
4943,11.91
4944,11.91
4945,11.91
4946,11.91
4947,11.91
4948,11.91
4949,11.91
4950,11.91
4951,11.91
4952,11.91
4953,11.91
4954,11.91
4955,11.91
4956,11.91
4957,11.91
4958,11.91
4959,11.91
4960,11.91
4961,11.91
4962,11.91
4963,11.91
4964,11.91
4965,11.91
4966,11.91
4967,11.91
4968,11.91
4969,11.91
4970,11.91
4971,11.91
4972,11.91
4973,11.91
4974,11.91
4975,11.91
4976,11.91
4977,11.91
4978,11.91
4979,11.91
4980,11.91
4981,11.91
4982,11.91
4983,11.91
4984,11.91
4985,11.91
4986,11.91
4987,11.91
4988,11.91
4989,11.91
4990,11.91
4991,11.91
4992,11.91
4993,11.91
4994,11.91
4995,11.91
4996,11.91
4997,11.91
4998,11.91
4999,11.91
5000,11.91
5001,11.91
5002,11.91
5003,11.91
5004,11.91
5005,11.91
5006,11.91
5007,11.91
5008,11.91
5009,11.91
5010,11.91
5011,11.91
5012,11.91
5013,11.91
5014,11.91
5015,11.91
5016,11.91
5017,11.91
5018,11.91
5019,11.91
5020,11.91
5021,11.91
5022,11.91
5023,11.91
5024,11.91
5025,11.91
5026,11.91
5027,11.91
5028,11.91
5029,11.91
5030,11.91
5031,11.91
5032,11.91
5033,11.91
5034,11.91
5035,11.91
5036,11.91
5037,11.91
5038,11.91
5039,11.91
5040,11.91
5041,11.91
5042,11.91
5043,11.91
5044,11.91
5045,11.91
5046,11.91
5047,11.91
5048,11.91
5049,11.91
5050,11.91
5051,11.91
5052,11.91
5053,11.91
5054,11.91
5055,11.91
5056,11.91
5057,11.91
5058,11.91
5059,11.91
5060,11.91
5061,11.91
5062,11.91
5063,11.91
5064,11.91
5065,11.91
5066,11.91
5067,11.91
5068,11.91
5069,11.91
5070,11.91
5071,11.91
5072,11.91
5073,11.91
5074,11.91
5075,11.91
5076,11.91
5077,11.91
5078,11.91
5079,11.91
5080,11.91
5081,11.91
5082,11.91
5083,11.91
5084,11.91
5085,11.91
5086,11.91
5087,11.91
5088,11.91
5089,11.91
5090,11.91
5091,11.91
5092,11.91
5093,11.91
5094,11.91
5095,11.91
5096,11.91
5097,11.91
5098,11.91
5099,11.91
5100,11.91
5101,11.91
5102,11.91
5103,11.91
5104,11.91
5105,11.91
5106,11.91
5107,11.91
5108,11.91
5109,11.91
5110,11.91
5111,11.91
5112,11.91
5113,11.91
5114,11.91
5115,11.91
5116,11.91
5117,11.91
5118,11.91
5119,11.91
5120,11.91
5121,11.91
5122,11.91
5123,11.91
5124,11.91
5125,11.91
5126,11.91
5127,11.91
5128,11.91
5129,11.91
5130,11.91
5131,11.91
5132,11.91
5133,11.91
5134,11.91
5135,11.91
5136,11.91
5137,11.91
5138,11.91
5139,11.91
5140,11.91
5141,11.91
5142,11.91
5143,11.91
5144,11.91
5145,11.91
5146,11.91
5147,11.91
5148,11.91
5149,11.91
5150,11.91
5151,11.91
5152,11.91
5153,11.91
5154,11.91
5155,11.91
5156,11.91
5157,11.91
5158,11.91
5159,11.91
5160,11.91
5161,11.91
5162,11.91
5163,11.91
5164,11.91
5165,11.91
5166,11.91
5167,11.91
5168,11.91
5169,11.91
5170,11.91
5171,11.91
5172,11.91
5173,11.91
5174,11.91
5175,11.91
5176,11.91
5177,11.91
5178,11.91
5179,11.91
5180,11.91
5181,11.91
5182,11.91
5183,11.91
5184,11.91
5185,11.91
5186,11.91
5187,11.91
5188,11.91
5189,11.91
5190,11.91
5191,11.91
5192,11.91
5193,11.91
5194,11.91
5195,11.91
5196,11.91
5197,11.91
5198,11.91
5199,11.91
5200,11.91
5201,11.91
5202,11.91
5203,11.91
5204,11.91
5205,11.91
5206,11.91
5207,11.91
5208,11.91
5209,11.91
5210,11.91
5211,11.91
5212,11.91
5213,11.91
5214,11.91
5215,11.91
5216,11.91
5217,11.91
5218,11.91
5219,11.91
5220,11.91
5221,11.91
5222,11.91
5223,11.91
5224,11.91
5225,11.91
5226,11.91
5227,11.91
5228,11.91
5229,11.91
5230,11.91
5231,11.91
5232,11.91
5233,11.91
5234,11.91
5235,11.91
5236,11.91
5237,11.91
5238,11.91
5239,11.91
5240,11.91
5241,11.91
5242,11.91
5243,11.91
5244,11.91
5245,11.91
5246,11.91
5247,11.91
5248,11.91
5249,11.91
5250,11.91
5251,11.91
5252,11.91
5253,11.91
5254,11.91
5255,11.91
5256,11.91
5257,11.91
5258,11.91
5259,11.91
5260,11.91
5261,11.91
5262,11.91
5263,11.91
5264,11.91
5265,11.91
5266,11.91
5267,11.91
5268,11.91
5269,11.91
5270,11.91
5271,11.91
5272,11.91
5273,11.91
5274,11.91
5275,11.91
5276,11.91
5277,11.91
5278,11.91
5279,11.91
5280,11.91
5281,11.91
5282,11.91
5283,11.91
5284,11.91
5285,11.91
5286,11.91
5287,11.91
5288,11.91
5289,11.91
5290,11.91
5291,11.91
5292,11.91
5293,11.91
5294,11.91
5295,11.91
5296,11.91
5297,11.91
5298,11.91
5299,11.91
5300,11.91
5301,11.91
5302,11.91
5303,11.91
5304,11.91
5305,11.91
5306,11.91
5307,11.91
5308,11.91
5309,11.91
5310,11.91
5311,11.91
5312,11.91
5313,11.91
5314,11.91
5315,11.91
5316,11.91
5317,11.91
5318,11.91
5319,11.91
5320,11.91
5321,11.91
5322,11.91
5323,11.91
5324,11.91
5325,11.91
5326,11.91
5327,11.91
5328,11.91
5329,11.91
5330,11.91
5331,11.91
5332,11.91
5333,11.91
5334,11.91
5335,11.91
5336,11.91
5337,11.91
5338,11.91
5339,11.91
5340,11.91
5341,11.91
5342,11.91
5343,11.91
5344,11.91
5345,11.91
5346,11.91
5347,11.91
5348,11.91
5349,11.91
5350,11.91
5351,11.91
5352,11.91
5353,11.91
5354,11.91
5355,11.91
5356,11.91
5357,11.91
5358,11.91
5359,11.91
5360,11.91
5361,11.91
5362,11.91
5363,11.91
5364,11.91
5365,11.91
5366,11.91
5367,11.91
5368,11.91
5369,11.91
5370,11.91
5371,11.91
5372,11.91
5373,11.91
5374,11.91
5375,11.91
5376,11.91
5377,11.91
5378,11.91
5379,11.91
5380,11.91
5381,11.91
5382,11.91
5383,11.91
5384,11.91
5385,11.91
5386,11.91
5387,11.91
5388,11.91
5389,11.91
5390,11.91
5391,11.91
5392,11.91
5393,11.91
5394,11.91
5395,11.91
5396,11.91
5397,11.91
5398,11.91
5399,11.91
5400,11.91
5401,11.91
5402,11.91
5403,11.91
5404,11.91
5405,11.91
5406,11.91
5407,11.91
5408,11.91
5409,11.91
5410,11.91
5411,11.91
5412,11.91
5413,11.91
5414,11.91
5415,11.91
5416,11.91
5417,11.91
5418,11.91
5419,11.91
5420,11.91
5421,11.91
5422,11.91
5423,11.91
5424,11.91
5425,11.91
5426,11.91
5427,11.91
5428,11.91
5429,11.91
5430,11.91
5431,11.91
5432,11.91
5433,11.91
5434,11.91
5435,11.91
5436,11.91
5437,11.91
5438,11.91
5439,11.91
5440,11.91
5441,11.91
5442,11.91
5443,11.91
5444,11.91
5445,11.91
5446,11.91
5447,11.91
5448,11.91
5449,11.91
5450,11.91
5451,11.91
5452,11.91
5453,11.91
5454,11.91
5455,11.91
5456,11.91
5457,11.91
5458,11.91
5459,11.91
5460,11.91
5461,11.91
5462,11.91
5463,11.91
5464,11.91
5465,11.91
5466,11.91
5467,11.91
5468,11.91
5469,11.91
5470,11.91
5471,11.91
5472,11.91
5473,11.91
5474,11.91
5475,11.91
5476,11.91
5477,11.91
5478,11.91
5479,11.91
5480,11.91
5481,11.91
5482,11.91
5483,11.91
5484,11.91
5485,11.91
5486,11.91
5487,11.91
5488,11.91
5489,11.91
5490,11.91
5491,11.91
5492,11.91
5493,11.91
5494,11.91
5495,11.91
5496,11.91
5497,11.91
5498,11.91
5499,11.91
5500,11.91
5501,11.91
5502,11.91
5503,11.91
5504,11.91
5505,11.91
5506,11.91
5507,11.91
5508,11.91
5509,11.91
5510,11.91
5511,11.91
5512,11.91
5513,11.91
5514,11.91
5515,11.91
5516,11.91
5517,11.91
5518,11.91
5519,11.91
5520,11.91
5521,11.91
5522,11.91
5523,11.91
5524,11.91
5525,11.91
5526,11.91
5527,11.91
5528,11.91
5529,11.91
5530,11.91
5531,11.91
5532,11.91
5533,11.91
5534,11.91
5535,11.91
5536,11.91
5537,11.91
5538,11.91
5539,11.91
5540,11.91
5541,11.91
5542,11.91
5543,11.91
5544,11.91
5545,11.91
5546,11.91
5547,11.91
5548,11.91
5549,11.91
5550,11.91
5551,11.91
5552,11.91
5553,11.91
5554,11.91
5555,11.91
5556,11.91
5557,11.91
5558,11.91
5559,11.91
5560,11.91
5561,11.91
5562,11.91
5563,11.91
5564,11.91
5565,11.91
5566,11.91
5567,11.91
5568,11.91
5569,11.91
5570,11.91
5571,11.91
5572,11.91
5573,11.91
5574,11.91
5575,11.91
5576,11.91
5577,11.91
5578,11.91
5579,11.91
5580,11.91
5581,11.91
5582,11.91
5583,11.91
5584,11.91
5585,11.91
5586,11.91
5587,11.91
5588,11.91
5589,11.91
5590,11.91
5591,11.91
5592,11.91
5593,11.91
5594,11.91
5595,11.91
5596,11.91
5597,11.91
5598,11.91
5599,11.91
5600,11.91
5601,11.91
5602,11.91
5603,11.91
5604,11.91
5605,11.91
5606,11.91
5607,11.91
5608,11.91
5609,11.91
5610,11.91
5611,11.91
5612,11.91
5613,11.91
5614,11.91
5615,11.91
5616,11.91
5617,11.91
5618,11.91
5619,11.91
5620,11.91
5621,11.91
5622,11.91
5623,11.91
5624,11.91
5625,11.91
5626,11.91
5627,11.91
5628,11.91
5629,11.91
5630,11.91
5631,11.91
5632,11.91
5633,11.91
5634,11.91
5635,11.91
5636,11.91
5637,11.91
5638,11.91
5639,11.91
5640,11.91
5641,11.91
5642,11.91
5643,11.91
5644,11.91
5645,11.91
5646,11.91
5647,11.91
5648,11.91
5649,11.91
5650,11.91
5651,11.91
5652,11.91
5653,11.91
5654,11.91
5655,11.91
5656,11.91
5657,11.91
5658,11.91
5659,11.91
5660,11.91
5661,11.91
5662,11.91
5663,11.91
5664,11.91
5665,11.91
5666,11.91
5667,11.91
5668,11.91
5669,11.91
5670,11.91
5671,11.91
5672,11.91
5673,11.91
5674,11.91
5675,11.91
5676,11.91
5677,11.91
5678,11.91
5679,11.91
5680,11.91
5681,11.91
5682,11.91
5683,11.91
5684,11.91
5685,11.91
5686,11.91
5687,11.91
5688,11.91
5689,11.91
5690,11.91
5691,11.91
5692,11.91
5693,11.91
5694,11.91
5695,11.91
5696,11.91
5697,11.91
5698,11.91
5699,11.91
5700,11.91
5701,11.91
5702,11.91
5703,11.91
5704,11.91
5705,11.91
5706,11.91
5707,11.91
5708,11.91
5709,11.91
5710,11.91
5711,11.91
5712,11.91
5713,11.91
5714,11.91
5715,11.91
5716,11.91
5717,11.91
5718,11.91
5719,11.91
5720,11.91
5721,11.91
5722,11.91
5723,11.91
5724,11.91
5725,11.91
5726,11.91
5727,11.91
5728,11.91
5729,11.91
5730,11.91
5731,11.91
5732,11.91
5733,11.91
5734,11.91
5735,11.91
5736,11.91
5737,11.91
5738,11.91
5739,11.91
5740,11.91
5741,11.91
5742,11.91
5743,11.91
5744,11.91
5745,11.91
5746,11.91
5747,11.91
5748,11.91
5749,11.91
5750,11.91
5751,11.91
5752,11.91
5753,11.91
5754,11.91
5755,11.91
5756,11.91
5757,11.91
5758,11.91
5759,11.91
5760,11.91
5761,11.91
5762,11.91
5763,11.91
5764,11.91
5765,11.91
5766,11.91
5767,11.91
5768,11.91
5769,11.91
5770,11.91
5771,11.91
5772,11.91
5773,11.91
5774,11.91
5775,11.91
5776,11.91
5777,11.91
5778,11.91
5779,11.91
5780,11.91
5781,11.91
5782,11.91
5783,11.91
5784,11.91
5785,11.91
5786,11.91
5787,11.91
5788,11.91
5789,11.91
5790,11.91
5791,11.91
5792,11.91
5793,11.91
5794,11.91
5795,11.91
5796,11.91
5797,11.91
5798,11.91
5799,11.91
5800,11.91
5801,11.91
5802,11.91
5803,11.91
5804,11.91
5805,11.91
5806,11.91
5807,11.91
5808,11.91
5809,11.91
5810,11.91
5811,11.91
5812,11.91
5813,11.91
5814,11.91
5815,11.91
5816,11.91
5817,11.91
5818,11.91
5819,11.91
5820,11.91
5821,11.91
5822,11.91
5823,11.91
5824,11.91
5825,11.91
5826,11.91
5827,11.91
5828,11.91
5829,11.91
5830,11.91
5831,11.91
5832,11.91
5833,11.91
5834,11.91
5835,11.91
5836,11.91
5837,11.91
5838,11.91
5839,11.91
5840,11.91
5841,11.91
5842,11.91
5843,11.91
5844,11.91
5845,11.91
5846,11.91
5847,11.91
5848,11.91
5849,11.91
5850,11.91
5851,11.91
5852,11.91
5853,11.91
5854,11.91
5855,11.91
5856,11.91
5857,11.91
5858,11.91
5859,11.91
5860,11.91
5861,11.91
5862,11.91
5863,11.91
5864,11.91
5865,11.91
5866,11.91
5867,11.91
5868,11.91
5869,11.91
5870,11.91
5871,11.91
5872,11.91
5873,11.91
5874,11.91
5875,11.91
5876,11.91
5877,11.91
5878,11.91
5879,11.91
5880,11.91
5881,11.91
5882,11.91
5883,11.91
5884,11.91
5885,11.91
5886,11.91
5887,11.91
5888,11.91
5889,11.91
5890,11.91
5891,11.91
5892,11.91
5893,11.91
5894,11.91
5895,11.91
5896,11.91
5897,11.91
5898,11.91
5899,11.91
5900,11.91
5901,11.91
5902,11.91
5903,11.91
5904,11.91
5905,11.91
5906,11.91
5907,11.91
5908,11.91
5909,11.91
5910,11.91
5911,11.91
5912,11.91
5913,11.91
5914,11.91
5915,11.91
5916,11.91
5917,11.91
5918,11.91
5919,11.91
5920,11.91
5921,11.91
5922,11.91
5923,11.91
5924,11.91
5925,11.91
5926,11.91
5927,11.91
5928,11.91
5929,11.91
5930,11.91
5931,11.91
5932,11.91
5933,11.91
5934,11.91
5935,11.91
5936,11.91
5937,11.91
5938,11.91
5939,11.91
5940,11.91
5941,11.91
5942,11.91
5943,11.91
5944,11.91
5945,11.91
5946,11.91
5947,11.91
5948,11.91
5949,11.91
5950,11.91
5951,11.91
5952,11.91
5953,11.91
5954,11.91
5955,11.91
5956,11.91
5957,11.91
5958,11.91
5959,11.91
5960,11.91
5961,11.91
5962,11.91
5963,11.91
5964,11.91
5965,11.91
5966,11.91
5967,11.91
5968,11.91
5969,11.91
5970,11.91
5971,11.91
5972,11.91
5973,11.91
5974,11.91
5975,11.91
5976,11.91
5977,11.91
5978,11.91
5979,11.91
5980,11.91
5981,11.91
5982,11.91
5983,11.91
5984,11.91
5985,11.91
5986,11.91
5987,11.91
5988,11.91
5989,11.91
5990,11.91
5991,11.91
5992,11.91
5993,11.91
5994,11.91
5995,11.91
5996,11.91
5997,11.91
5998,11.91
5999,11.91
6000,11.91
6001,11.91
6002,11.91
6003,11.91
6004,11.91
6005,11.91
6006,11.91
6007,11.91
6008,11.91
6009,11.91
6010,11.91
6011,11.91
6012,11.91
6013,11.91
6014,11.91
6015,11.91
6016,11.91
6017,11.91
6018,11.91
6019,11.91
6020,11.91
6021,11.91
6022,11.91
6023,11.91
6024,11.91
6025,11.91
6026,11.91
6027,11.91
6028,11.91
6029,11.91
6030,11.91
6031,11.91
6032,11.91
6033,11.91
6034,11.91
6035,11.91
6036,11.91
6037,11.91
6038,11.91
6039,11.91
6040,11.91
6041,11.91
6042,11.91
6043,11.91
6044,11.91
6045,11.91
6046,11.91
6047,11.91
6048,11.91
6049,11.91
6050,11.91
6051,11.91
6052,11.91
6053,11.91
6054,11.91
6055,11.91
6056,11.91
6057,11.91
6058,11.91
6059,11.91
6060,11.91
6061,11.91
6062,11.91
6063,11.91
6064,11.91
6065,11.91
6066,11.91
6067,11.91
6068,11.91
6069,11.91
6070,11.91
6071,11.91
6072,11.91
6073,11.91
6074,11.91
6075,11.91
6076,11.91
6077,11.91
6078,11.91
6079,11.91
6080,11.91
6081,11.91
6082,11.91
6083,11.91
6084,11.91
6085,11.91
6086,11.91
6087,11.91
6088,11.91
6089,11.91
6090,11.91
6091,11.91
6092,11.91
6093,11.91
6094,11.91
6095,11.91
6096,11.91
6097,11.91
6098,11.91
6099,11.91
6100,11.91
6101,11.91
6102,11.91
6103,11.91
6104,11.91
6105,11.91
6106,11.91
6107,11.91
6108,11.91
6109,11.91
6110,11.91
6111,11.91
6112,11.91
6113,11.91
6114,11.91
6115,11.91
6116,11.91
6117,11.91
6118,11.91
6119,11.91
6120,11.91
6121,11.91
6122,11.91
6123,11.91
6124,11.91
6125,11.91
6126,11.91
6127,11.91
6128,11.91
6129,11.91
6130,11.91
6131,11.91
6132,11.91
6133,11.91
6134,11.91
6135,11.91
6136,11.91
6137,11.91
6138,11.91
6139,11.91
6140,11.91
6141,11.91
6142,11.91
6143,11.91
6144,11.91
6145,11.91
6146,11.91
6147,11.91
6148,11.91
6149,11.91
6150,11.91
6151,11.91
6152,11.91
6153,11.91
6154,11.91
6155,11.91
6156,11.91
6157,11.91
6158,11.91
6159,11.91
6160,11.91
6161,11.91
6162,11.91
6163,11.91
6164,11.91
6165,11.91
6166,11.91
6167,11.91
6168,11.91
6169,11.91
6170,11.91
6171,11.91
6172,11.91
6173,11.91
6174,11.91
6175,11.91
6176,11.91
6177,11.91
6178,11.91
6179,11.91
6180,11.91
6181,11.91
6182,11.91
6183,11.91
6184,11.91
6185,11.91
6186,11.91
6187,11.91
6188,11.91
6189,11.91
6190,11.91
6191,11.91
6192,11.91
6193,11.91
6194,11.91
6195,11.91
6196,11.91
6197,11.91
6198,11.91
6199,11.91
6200,11.91
6201,11.91
6202,11.91
6203,11.91
6204,11.91
6205,11.91
6206,11.91
6207,11.91
6208,11.91
6209,11.91
6210,11.91
6211,11.91
6212,11.91
6213,11.91
6214,11.91
6215,11.91
6216,11.91
6217,11.91
6218,11.91
6219,11.91
6220,11.91
6221,11.91
6222,11.91
6223,11.91
6224,11.91
6225,11.91
6226,11.91
6227,11.91
6228,11.91
6229,11.91
6230,11.91
6231,11.91
6232,11.91
6233,11.91
6234,11.91
6235,11.91
6236,11.91
6237,11.91
6238,11.91
6239,11.91
6240,11.91
6241,11.91
6242,11.91
6243,11.91
6244,11.91
6245,11.91
6246,11.91
6247,11.91
6248,11.91
6249,11.91
6250,11.91
6251,11.91
6252,11.91
6253,11.91
6254,11.91
6255,11.91
6256,11.91
6257,11.91
6258,11.91
6259,11.91
6260,11.91
6261,11.91
6262,11.91
6263,11.91
6264,11.91
6265,11.91
6266,11.91
6267,11.91
6268,11.91
6269,11.91
6270,11.91
6271,11.91
6272,11.91
6273,11.91
6274,11.91
6275,11.91
6276,11.91
6277,11.91
6278,11.91
6279,11.91
6280,11.91
6281,11.91
6282,11.91
6283,11.91
6284,11.91
6285,11.91
6286,11.91
6287,11.91
6288,11.91
6289,11.91
6290,11.91
6291,11.91
6292,11.91
6293,11.91
6294,11.91
6295,11.91
6296,11.91
6297,11.91
6298,11.91
6299,11.91
6300,11.91
6301,11.91
6302,11.91
6303,11.91
6304,11.91
6305,11.91
6306,11.91
6307,11.91
6308,11.91
6309,11.91
6310,11.91
6311,11.91
6312,11.91
6313,11.91
6314,11.91
6315,11.91
6316,11.91
6317,11.91
6318,11.91
6319,11.91
6320,11.91
6321,11.91
6322,11.91
6323,11.91
6324,11.91
6325,11.91
6326,11.91
6327,11.91
6328,11.91
6329,11.91
6330,11.91
6331,11.91
6332,11.91
6333,11.91
6334,11.91
6335,11.91
6336,11.91
6337,11.91
6338,11.91
6339,11.91
6340,11.91
6341,11.91
6342,11.91
6343,11.91
6344,11.91
6345,11.91
6346,11.91
6347,11.91
6348,11.91
6349,11.91
6350,11.91
6351,11.91
6352,11.91
6353,11.91
6354,11.91
6355,11.91
6356,11.91
6357,11.91
6358,11.91
6359,11.91
6360,11.91
6361,11.91
6362,11.91
6363,11.91
6364,11.91
6365,11.91
6366,11.91
6367,11.91
6368,11.91
6369,11.91
6370,11.91
6371,11.91
6372,11.91
6373,11.91
6374,11.91
6375,11.91
6376,11.91
6377,11.91
6378,11.91
6379,11.91
6380,11.91
6381,11.91
6382,11.91
6383,11.91
6384,11.91
6385,11.91
6386,11.91
6387,11.91
6388,11.91
6389,11.91
6390,11.91
6391,11.91
6392,11.91
6393,11.91
6394,11.91
6395,11.91
6396,11.91
6397,11.91
6398,11.91
6399,11.91
6400,11.91
6401,11.91
6402,11.91
6403,11.91
6404,11.91
6405,11.91
6406,11.91
6407,11.91
6408,11.91
6409,11.91
6410,11.91
6411,11.91
6412,11.91
6413,11.91
6414,11.91
6415,11.91
6416,11.91
6417,11.91
6418,11.91
6419,11.91
6420,11.91
6421,11.91
6422,11.91
6423,11.91
6424,11.91
6425,11.91
6426,11.91
6427,11.91
6428,11.91
6429,11.91
6430,11.91
6431,11.91
6432,11.91
6433,11.91
6434,11.91
6435,11.91
6436,11.91
6437,11.91
6438,11.91
6439,11.91
6440,11.91
6441,11.91
6442,11.91
6443,11.91
6444,11.91
6445,11.91
6446,11.91
6447,11.91
6448,11.91
6449,11.91
6450,11.91
6451,11.91
6452,11.91
6453,11.91
6454,11.91
6455,11.91
6456,11.91
6457,11.91
6458,11.91
6459,11.91
6460,11.91
6461,11.91
6462,11.91
6463,11.91
6464,11.91
6465,11.91
6466,11.91
6467,11.91
6468,11.91
6469,11.91
6470,11.91
6471,11.91
6472,11.91
6473,11.91
6474,11.91
6475,11.91
6476,11.91
6477,11.91
6478,11.91
6479,11.91
6480,11.91
6481,11.91
6482,11.91
6483,11.91
6484,11.91
6485,11.91
6486,11.91
6487,11.91
6488,11.91
6489,11.91
6490,11.91
6491,11.91
6492,11.91
6493,11.91
6494,11.91
6495,11.91
6496,11.91
6497,11.91
6498,11.91
6499,11.91
6500,11.91
6501,11.91
6502,11.91
6503,11.91
6504,11.91
6505,11.91
6506,11.91
6507,11.91
6508,11.91
6509,11.91
6510,11.91
6511,11.91
6512,11.91
6513,11.91
6514,11.91
6515,11.91
6516,11.91
6517,11.91
6518,11.91
6519,11.91
6520,11.91
6521,11.91
6522,11.91
6523,11.91
6524,11.91
6525,11.91
6526,11.91
6527,11.91
6528,11.91
6529,11.91
6530,11.91
6531,11.91
6532,11.91
6533,11.91
6534,11.91
6535,11.91
6536,11.91
6537,11.91
6538,11.91
6539,11.91
6540,11.91
6541,11.91
6542,11.91
6543,11.91
6544,11.91
6545,11.91
6546,11.91
6547,11.91
6548,11.91
6549,11.91
6550,11.91
6551,11.91
6552,11.91
6553,11.91
6554,11.91
6555,11.91
6556,11.91
6557,11.91
6558,11.91
6559,11.91
6560,11.91
6561,11.91
6562,11.91
6563,11.91
6564,11.91
6565,11.91
6566,11.91
6567,11.91
6568,11.91
6569,11.91
6570,11.91
6571,11.91
6572,11.91
6573,11.91
6574,11.91
6575,11.91
6576,11.91
6577,11.91
6578,11.91
6579,11.91
6580,11.91
6581,11.91
6582,11.91
6583,11.91
6584,11.91
6585,11.91
6586,11.91
6587,11.91
6588,11.91
6589,11.91
6590,11.91
6591,11.91
6592,11.91
6593,11.91
6594,11.91
6595,11.91
6596,11.91
6597,11.91
6598,11.91
6599,11.91
6600,11.91
6601,11.91
6602,11.91
6603,11.91
6604,11.91
6605,11.91
6606,11.91
6607,11.91
6608,11.91
6609,11.91
6610,11.91
6611,11.91
6612,11.91
6613,11.91
6614,11.91
6615,11.91
6616,11.91
6617,11.91
6618,11.91
6619,11.91
6620,11.91
6621,11.91
6622,11.91
6623,11.91
6624,11.91
6625,11.91
6626,11.91
6627,11.91
6628,11.91
6629,11.91
6630,11.91
6631,11.91
6632,11.91
6633,11.91
6634,11.91
6635,11.91
6636,11.91
6637,11.91
6638,11.91
6639,11.91
6640,11.91
6641,11.91
6642,11.91
6643,11.91
6644,11.91
6645,11.91
6646,11.91
6647,11.91
6648,11.91
6649,11.91
6650,11.91
6651,11.91
6652,11.91
6653,11.91
6654,11.91
6655,11.91
6656,11.91
6657,11.91
6658,11.91
6659,11.91
6660,11.91
6661,11.91
6662,11.91
6663,11.91
6664,11.91
6665,11.91
6666,11.91
6667,11.91
6668,11.91
6669,11.91
6670,11.91
6671,11.91
6672,11.91
6673,11.91
6674,11.91
6675,11.91
6676,11.91
6677,11.91
6678,11.91
6679,11.91
6680,11.91
6681,11.91
6682,11.91
6683,11.91
6684,11.91
6685,11.91
6686,11.91
6687,11.91
6688,11.91
6689,11.91
6690,11.91
6691,11.91
6692,11.91
6693,11.91
6694,11.91
6695,11.91
6696,11.91
6697,11.91
6698,11.91
6699,11.91
6700,11.91
6701,11.91
6702,11.91
6703,11.91
6704,11.91
6705,11.91
6706,11.91
6707,11.91
6708,11.91
6709,11.91
6710,11.91
6711,11.91
6712,11.91
6713,11.91
6714,11.91
6715,11.91
6716,11.91
6717,11.91
6718,11.91
6719,11.91
6720,11.91
6721,11.91
6722,11.91
6723,11.91
6724,11.91
6725,11.91
6726,11.91
6727,11.91
6728,11.91
6729,11.91
6730,11.91
6731,11.91
6732,11.91
6733,11.91
6734,11.91
6735,11.91
6736,11.91
6737,11.91
6738,11.91
6739,11.91
6740,11.91
6741,11.91
6742,11.91
6743,11.91
6744,11.91
6745,11.91
6746,11.91
6747,11.91
6748,11.91
6749,11.91
6750,11.91
6751,11.91
6752,11.91
6753,11.91
6754,11.91
6755,11.91
6756,11.91
6757,11.91
6758,11.91
6759,11.91
6760,11.91
6761,11.91
6762,11.91
6763,11.91
6764,11.91
6765,11.91
6766,11.91
6767,11.91
6768,11.91
6769,11.91
6770,11.91
6771,11.91
6772,11.91
6773,11.91
6774,11.91
6775,11.91
6776,11.91
6777,11.91
6778,11.91
6779,11.91
6780,11.91
6781,11.91
6782,11.91
6783,11.91
6784,11.91
6785,11.91
6786,11.91
6787,11.91
6788,11.91
6789,11.91
6790,11.91
6791,11.91
6792,11.91
6793,11.91
6794,11.91
6795,11.91
6796,11.91
6797,11.91
6798,11.91
6799,11.91
6800,11.91
6801,11.91
6802,11.91
6803,11.91
6804,11.91
6805,11.91
6806,11.91
6807,11.91
6808,11.91
6809,11.91
6810,11.91
6811,11.91
6812,11.91
6813,11.91
6814,11.91
6815,11.91
6816,11.91
6817,11.91
6818,11.91
6819,11.91
6820,11.91
6821,11.91
6822,11.91
6823,11.91
6824,11.91
6825,11.91
6826,11.91
6827,11.91
6828,11.91
6829,11.91
6830,11.91
6831,11.91
6832,11.91
6833,11.91
6834,11.91
6835,11.91
6836,11.91
6837,11.91
6838,11.91
6839,11.91
6840,11.91
6841,11.91
6842,11.91
6843,11.91
6844,11.91
6845,11.91
6846,11.91
6847,11.91
6848,11.91
6849,11.91
6850,11.91
6851,11.91
6852,11.91
6853,11.91
6854,11.91
6855,11.91
6856,11.91
6857,11.91
6858,11.91
6859,11.91
6860,11.91
6861,11.91
6862,11.91
6863,11.91
6864,11.91
6865,11.91
6866,11.91
6867,11.91
6868,11.91
6869,11.91
6870,11.91
6871,11.91
6872,11.91
6873,11.91
6874,11.91
6875,11.91
6876,11.91
6877,11.91
6878,11.91
6879,11.91
6880,11.91
6881,11.91
6882,11.91
6883,11.91
6884,11.91
6885,11.91
6886,11.91
6887,11.91
6888,11.91
6889,11.91
6890,11.91
6891,11.91
6892,11.91
6893,11.91
6894,11.91
6895,11.91
6896,11.91
6897,11.91
6898,11.91
6899,11.91
6900,11.91
6901,11.91
6902,11.91
6903,11.91
6904,11.91
6905,11.91
6906,11.91
6907,11.91
6908,11.91
6909,11.91
6910,11.91
6911,11.91
6912,11.91
6913,11.91
6914,11.91
6915,11.91
6916,11.91
6917,11.91
6918,11.91
6919,11.91
6920,11.91
6921,11.91
6922,11.91
6923,11.91
6924,11.91
6925,11.91
6926,11.91
6927,11.91
6928,11.91
6929,11.91
6930,11.91
6931,11.91
6932,11.91
6933,11.91
6934,11.91
6935,11.91
6936,11.91
6937,11.91
6938,11.91
6939,11.91
6940,11.91
6941,11.91
6942,11.91
6943,11.91
6944,11.91
6945,11.91
6946,11.91
6947,11.91
6948,11.91
6949,11.91
6950,11.91
6951,11.91
6952,11.91
6953,11.91
6954,11.91
6955,11.91
6956,11.91
6957,11.91
6958,11.91
6959,11.91
6960,11.91
6961,11.91
6962,11.91
6963,11.91
6964,11.91
6965,11.91
6966,11.91
6967,11.91
6968,11.91
6969,11.91
6970,11.91
6971,11.91
6972,11.91
6973,11.91
6974,11.91
6975,11.91
6976,11.91
6977,11.91
6978,11.91
6979,11.91
6980,11.91
6981,11.91
6982,11.91
6983,11.91
6984,11.91
6985,11.91
6986,11.91
6987,11.91
6988,11.91
6989,11.91
6990,11.91
6991,11.91
6992,11.91
6993,11.91
6994,11.91
6995,11.91
6996,11.91
6997,11.91
6998,11.91
6999,11.91
7000,11.91
7001,11.91
7002,11.91
7003,11.91
7004,11.91
7005,11.91
7006,11.91
7007,11.91
7008,11.91
7009,11.91
7010,11.91
7011,11.91
7012,11.91
7013,11.91
7014,11.91
7015,11.91
7016,11.91
7017,11.91
7018,11.91
7019,11.91
7020,11.91
7021,11.91
7022,11.91
7023,11.91
7024,11.91
7025,11.91
7026,11.91
7027,11.91
7028,11.91
7029,11.91
7030,11.91
7031,11.91
7032,11.91
7033,11.91
7034,11.91
7035,11.91
7036,11.91
7037,11.91
7038,11.91
7039,11.91
7040,11.91
7041,11.91
7042,11.91
7043,11.91
7044,11.91
7045,11.91
7046,11.91
7047,11.91
7048,11.91
7049,11.91
7050,11.91
7051,11.91
7052,11.91
7053,11.91
7054,11.91
7055,11.91
7056,11.91
7057,11.91
7058,11.91
7059,11.91
7060,11.91
7061,11.91
7062,11.91
7063,11.91
7064,11.91
7065,11.91
7066,11.91
7067,11.91
7068,11.91
7069,11.91
7070,11.91
7071,11.91
7072,11.91
7073,11.91
7074,11.91
7075,11.91
7076,11.91
7077,11.91
7078,11.91
7079,11.91
7080,11.91
7081,11.91
7082,11.91
7083,11.91
7084,11.91
7085,11.91
7086,11.91
7087,11.91
7088,11.91
7089,11.91
7090,11.91
7091,11.91
7092,11.91
7093,11.91
7094,11.91
7095,11.91
7096,11.91
7097,11.91
7098,11.91
7099,11.91
7100,11.91
7101,11.91
7102,11.91
7103,11.91
7104,11.91
7105,11.91
7106,11.91
7107,11.91
7108,11.91
7109,11.91
7110,11.91
7111,11.91
7112,11.91
7113,11.91
7114,11.91
7115,11.91
7116,11.91
7117,11.91
7118,11.91
7119,11.91
7120,11.91
7121,11.91
7122,11.91
7123,11.91
7124,11.91
7125,11.91
7126,11.91
7127,11.91
7128,11.91
7129,11.91
7130,11.91
7131,11.91
7132,11.91
7133,11.91
7134,11.91
7135,11.91
7136,11.91
7137,11.91
7138,11.91
7139,11.91
7140,11.91
7141,11.91
7142,11.91
7143,11.91
7144,11.91
7145,11.91
7146,11.91
7147,11.91
7148,11.91
7149,11.91
7150,11.91
7151,11.91
7152,11.91
7153,11.91
7154,11.91
7155,11.91
7156,11.91
7157,11.91
7158,11.91
7159,11.91
7160,11.91
7161,11.91
7162,11.91
7163,11.91
7164,11.91
7165,11.91
7166,11.91
7167,11.91
7168,11.91
7169,11.91
7170,11.91
7171,11.91
7172,11.91
7173,11.91
7174,11.91
7175,11.91
7176,11.91
7177,11.91
7178,11.91
7179,11.91
7180,11.91
7181,11.91
7182,11.91
7183,11.91
7184,11.91
7185,11.91
7186,11.91
7187,11.91
7188,11.91
7189,11.91
7190,11.91
7191,11.91
7192,11.91
7193,11.91
7194,11.91
7195,11.91
7196,11.91
7197,11.91
7198,11.91
7199,11.91
7200,11.91
7201,11.91
7202,11.91
7203,11.91
7204,11.91
7205,11.91
7206,11.91
7207,11.91
7208,11.91
7209,11.91
7210,11.91
7211,11.91
7212,11.91
7213,11.91
7214,11.91
7215,11.91
7216,11.91
7217,11.91
7218,11.91
7219,11.91
7220,11.91
7221,11.91
7222,11.91
7223,11.91
7224,11.91
7225,11.91
7226,11.91
7227,11.91
7228,11.91
7229,11.91
7230,11.91
7231,11.91
7232,11.91
7233,11.91
7234,11.91
7235,11.91
7236,11.91
7237,11.91
7238,11.91
7239,11.91
7240,11.91
7241,11.91
7242,11.91
7243,11.91
7244,11.91
7245,11.91
7246,11.91
7247,11.91
7248,11.91
7249,11.91
7250,11.91
7251,11.91
7252,11.91
7253,11.91
7254,11.91
7255,11.91
7256,11.91
7257,11.91
7258,11.91
7259,11.91
7260,11.91
7261,11.91
7262,11.91
7263,11.91
7264,11.91
7265,11.91
7266,11.91
7267,11.91
7268,11.91
7269,11.91
7270,11.91
7271,11.91
7272,11.91
7273,11.91
7274,11.91
7275,11.91
7276,11.91
7277,11.91
7278,11.91
7279,11.91
7280,11.91
7281,11.91
7282,11.91
7283,11.91
7284,11.91
7285,11.91
7286,11.91
7287,11.91
7288,11.91
7289,11.91
7290,11.91
7291,11.91
7292,11.91
7293,11.91
7294,11.91
7295,11.91
7296,11.91
7297,11.91
7298,11.91
7299,11.91
7300,11.91
7301,11.91
7302,11.91
7303,11.91
7304,11.91
7305,11.91
7306,11.91
7307,11.91
7308,11.91
7309,11.91
7310,11.91
7311,11.91
7312,11.91
7313,11.91
7314,11.91
7315,11.91
7316,11.91
7317,11.91
7318,11.91
7319,11.91
7320,11.91
7321,11.91
7322,11.91
7323,11.91
7324,11.91
7325,11.91
7326,11.91
7327,11.91
7328,11.91
7329,11.91
7330,11.91
7331,11.91
7332,11.91
7333,11.91
7334,11.91
7335,11.91
7336,11.91
7337,11.91
7338,11.91
7339,11.91
7340,11.91
7341,11.91
7342,11.91
7343,11.91
7344,11.91
7345,11.91
7346,11.91
7347,11.91
7348,11.91
7349,11.91
7350,11.91
7351,11.91
7352,11.91
7353,11.91
7354,11.91
7355,11.91
7356,11.91
7357,11.91
7358,11.91
7359,11.91
7360,11.91
7361,11.91
7362,11.91
7363,11.91
7364,11.91
7365,11.91
7366,11.91
7367,11.91
7368,11.91
7369,11.91
7370,11.91
7371,11.91
7372,11.91
7373,11.91
7374,11.91
7375,11.91
7376,11.91
7377,11.91
7378,11.91
7379,11.91
7380,11.91
7381,11.91
7382,11.91
7383,11.91
7384,11.91
7385,11.91
7386,11.91
7387,11.91
7388,11.91
7389,11.91
7390,11.91
7391,11.91
7392,11.91
7393,11.91
7394,11.91
7395,11.91
7396,11.91
7397,11.91
7398,11.91
7399,11.91
7400,11.91
7401,11.91
7402,11.91
7403,11.91
7404,11.91
7405,11.91
7406,11.91
7407,11.91
7408,11.91
7409,11.91
7410,11.91
7411,11.91
7412,11.91
7413,11.91
7414,11.91
7415,11.91
7416,11.91
7417,11.91
7418,11.91
7419,11.91
7420,11.91
7421,11.91
7422,11.91
7423,11.91
7424,11.91
7425,11.91
7426,11.91
7427,11.91
7428,11.91
7429,11.91
7430,11.91
7431,11.91
7432,11.91
7433,11.91
7434,11.91
7435,11.91
7436,11.91
7437,11.91
7438,11.91
7439,11.91
7440,11.91
7441,11.91
7442,11.91
7443,11.91
7444,11.91
7445,11.91
7446,11.91
7447,11.91
7448,11.91
7449,11.91
7450,11.91
7451,11.91
7452,11.91
7453,11.91
7454,11.91
7455,11.91
7456,11.91
7457,11.91
7458,11.91
7459,11.91
7460,11.91
7461,11.91
7462,11.91
7463,11.91
7464,11.91
7465,11.91
7466,11.91
7467,11.91
7468,11.91
7469,11.91
7470,11.91
7471,11.91
7472,11.91
7473,11.91
7474,11.91
7475,11.91
7476,11.91
7477,11.91
7478,11.91
7479,11.91
7480,11.91
7481,11.91
7482,11.91
7483,11.91
7484,11.91
7485,11.91
7486,11.91
7487,11.91
7488,11.91
7489,11.91
7490,11.91
7491,11.91
7492,11.91
7493,11.91
7494,11.91
7495,11.91
7496,11.91
7497,11.91
7498,11.91
7499,11.91
7500,11.91
7501,11.91
7502,11.91
7503,11.91
7504,11.91
7505,11.91
7506,11.91
7507,11.91
7508,11.91
7509,11.91
7510,11.91
7511,11.91
7512,11.91
7513,11.91
7514,11.91
7515,11.91
7516,11.91
7517,11.91
7518,11.91
7519,11.91
7520,11.91
7521,11.91
7522,11.91
7523,11.91
7524,11.91
7525,11.91
7526,11.91
7527,11.91
7528,11.91
7529,11.91
7530,11.91
7531,11.91
7532,11.91
7533,11.91
7534,11.91
7535,11.91
7536,11.91
7537,11.91
7538,11.91
7539,11.91
7540,11.91
7541,11.91
7542,11.91
7543,11.91
7544,11.91
7545,11.91
7546,11.91
7547,11.91
7548,11.91
7549,11.91
7550,11.91
7551,11.91
7552,11.91
7553,11.91
7554,11.91
7555,11.91
7556,11.91
7557,11.91
7558,11.91
7559,11.91
7560,11.91
7561,11.91
7562,11.91
7563,11.91
7564,11.91
7565,11.91
7566,11.91
7567,11.91
7568,11.91
7569,11.91
7570,11.91
7571,11.91
7572,11.91
7573,11.91
7574,11.91
7575,11.91
7576,11.91
7577,11.91
7578,11.91
7579,11.91
7580,11.91
7581,11.91
7582,11.91
7583,11.91
7584,11.91
7585,11.91
7586,11.91
7587,11.91
7588,11.91
7589,11.91
7590,11.91
7591,11.91
7592,11.91
7593,11.91
7594,11.91
7595,11.91
7596,11.91
7597,11.91
7598,11.91
7599,11.91
7600,11.91
7601,11.91
7602,11.91
7603,11.91
7604,11.91
7605,11.91
7606,11.91
7607,11.91
7608,11.91
7609,11.91
7610,11.91
7611,11.91
7612,11.91
7613,11.91
7614,11.91
7615,11.91
7616,11.91
7617,11.91
7618,11.91
7619,11.91
7620,11.91
7621,11.91
7622,11.91
7623,11.91
7624,11.91
7625,11.91
7626,11.91
7627,11.91
7628,11.91
7629,11.91
7630,11.91
7631,11.91
7632,11.91
7633,11.91
7634,11.91
7635,11.91
7636,11.91
7637,11.91
7638,11.91
7639,11.91
7640,11.91
7641,11.91
7642,11.91
7643,11.91
7644,11.91
7645,11.91
7646,11.91
7647,11.91
7648,11.91
7649,11.91
7650,11.91
7651,11.91
7652,11.91
7653,11.91
7654,11.91
7655,11.91
7656,11.91
7657,11.91
7658,11.91
7659,11.91
7660,11.91
7661,11.91
7662,11.91
7663,11.91
7664,11.91
7665,11.91
7666,11.91
7667,11.91
7668,11.91
7669,11.91
7670,11.91
7671,11.91
7672,11.91
7673,11.91
7674,11.91
7675,11.91
7676,11.91
7677,11.91
7678,11.91
7679,11.91
7680,11.91
7681,11.91
7682,11.91
7683,11.91
7684,11.91
7685,11.91
7686,11.91
7687,11.91
7688,11.91
7689,11.91
7690,11.91
7691,11.91
7692,11.91
7693,11.91
7694,11.91
7695,11.91
7696,11.91
7697,11.91
7698,11.91
7699,11.91
7700,11.91
7701,11.91
7702,11.91
7703,11.91
7704,11.91
7705,11.91
7706,11.91
7707,11.91
7708,11.91
7709,11.91
7710,11.91
7711,11.91
7712,11.91
7713,11.91
7714,11.91
7715,11.91
7716,11.91
7717,11.91
7718,11.91
7719,11.91
7720,11.91
7721,11.91
7722,11.91
7723,11.91
7724,11.91
7725,11.91
7726,11.91
7727,11.91
7728,11.91
7729,11.91
7730,11.91
7731,11.91
7732,11.91
7733,11.91
7734,11.91
7735,11.91
7736,11.91
7737,11.91
7738,11.91
7739,11.91
7740,11.91
7741,11.91
7742,11.91
7743,11.91
7744,11.91
7745,11.91
7746,11.91
7747,11.91
7748,11.91
7749,11.91
7750,11.91
7751,11.91
7752,11.91
7753,11.91
7754,11.91
7755,11.91
7756,11.91
7757,11.91
7758,11.91
7759,11.91
7760,11.91
7761,11.91
7762,11.91
7763,11.91
7764,11.91
7765,11.91
7766,11.91
7767,11.91
7768,11.91
7769,11.91
7770,11.91
7771,11.91
7772,11.91
7773,11.91
7774,11.91
7775,11.91
7776,11.91
7777,11.91
7778,11.91
7779,11.91
7780,11.91
7781,11.91
7782,11.91
7783,11.91
7784,11.91
7785,11.91
7786,11.91
7787,11.91
7788,11.91
7789,11.91
7790,11.91
7791,11.91
7792,11.91
7793,11.91
7794,11.91
7795,11.91
7796,11.91
7797,11.91
7798,11.91
7799,11.91
7800,11.91
7801,11.91
7802,11.91
7803,11.91
7804,11.91
7805,11.91
7806,11.91
7807,11.91
7808,11.91
7809,11.91
7810,11.91
7811,11.91
7812,11.91
7813,11.91
7814,11.91
7815,11.91
7816,11.91
7817,11.91
7818,11.91
7819,11.91
7820,11.91
7821,11.91
7822,11.91
7823,11.91
7824,11.91
7825,11.91
7826,11.91
7827,11.91
7828,11.91
7829,11.91
7830,11.91
7831,11.91
7832,11.91
7833,11.91
7834,11.91
7835,11.91
7836,11.91
7837,11.91
7838,11.91
7839,11.91
7840,11.91
7841,11.91
7842,11.91
7843,11.91
7844,11.91
7845,11.91
7846,11.91
7847,11.91
7848,11.91
7849,11.91
7850,11.91
7851,11.91
7852,11.91
7853,11.91
7854,11.91
7855,11.91
7856,11.91
7857,11.91
7858,11.91
7859,11.91
7860,11.91
7861,11.91
7862,11.91
7863,11.91
7864,11.91
7865,11.91
7866,11.91
7867,11.91
7868,11.91
7869,11.91
7870,11.91
7871,11.91
7872,11.91
7873,11.91
7874,11.91
7875,11.91
7876,11.91
7877,11.91
7878,11.91
7879,11.91
7880,11.91
7881,11.91
7882,11.91
7883,11.91
7884,11.91
7885,11.91
7886,11.91
7887,11.91
7888,11.91
7889,11.91
7890,11.91
7891,11.91
7892,11.91
7893,11.91
7894,11.91
7895,11.91
7896,11.91
7897,11.91
7898,11.91
7899,11.91
7900,11.91
7901,11.91
7902,11.91
7903,11.91
7904,11.91
7905,11.91
7906,11.91
7907,11.91
7908,11.91
7909,11.91
7910,11.91
7911,11.91
7912,11.91
7913,11.91
7914,11.91
7915,11.91
7916,11.91
7917,11.91
7918,11.91
7919,11.91
7920,11.91
7921,11.91
7922,11.91
7923,11.91
7924,11.91
7925,11.91
7926,11.91
7927,11.91
7928,11.91
7929,11.91
7930,11.91
7931,11.91
7932,11.91
7933,11.91
7934,11.91
7935,11.91
7936,11.91
7937,11.91
7938,11.91
7939,11.91
7940,11.91
7941,11.91
7942,11.91
7943,11.91
7944,11.91
7945,11.91
7946,11.91
7947,11.91
7948,11.91
7949,11.91
7950,11.91
7951,11.91
7952,11.91
7953,11.91
7954,11.91
7955,11.91
7956,11.91
7957,11.91
7958,11.91
7959,11.91
7960,11.91
7961,11.91
7962,11.91
7963,11.91
7964,11.91
7965,11.91
7966,11.91
7967,11.91
7968,11.91
7969,11.91
7970,11.91
7971,11.91
7972,11.91
7973,11.91
7974,11.91
7975,11.91
7976,11.91
7977,11.91
7978,11.91
7979,11.91
7980,11.91
7981,11.91
7982,11.91
7983,11.91
7984,11.91
7985,11.91
7986,11.91
7987,11.91
7988,11.91
7989,11.91
7990,11.91
7991,11.91
7992,11.91
7993,11.91
7994,11.91
7995,11.91
7996,11.91
7997,11.91
7998,11.91
7999,11.91
8000,11.91
8001,11.91
8002,11.91
8003,11.91
8004,11.91
8005,11.91
8006,11.91
8007,11.91
8008,11.91
8009,11.91
8010,11.91
8011,11.91
8012,11.91
8013,11.91
8014,11.91
8015,11.91
8016,11.91
8017,11.91
8018,11.91
8019,11.91
8020,11.91
8021,11.91
8022,11.91
8023,11.91
8024,11.91
8025,11.91
8026,11.91
8027,11.91
8028,11.91
8029,11.91
8030,11.91
8031,11.91
8032,11.91
8033,11.91
8034,11.91
8035,11.91
8036,11.91
8037,11.91
8038,11.91
8039,11.91
8040,11.91
8041,11.91
8042,11.91
8043,11.91
8044,11.91
8045,11.91
8046,11.91
8047,11.91
8048,11.91
8049,11.91
8050,11.91
8051,11.91
8052,11.91
8053,11.91
8054,11.91
8055,11.91
8056,11.91
8057,11.91
8058,11.91
8059,11.91
8060,11.91
8061,11.91
8062,11.91
8063,11.91
8064,11.91
8065,11.91
8066,11.91
8067,11.91
8068,11.91
8069,11.91
8070,11.91
8071,11.91
8072,11.91
8073,11.91
8074,11.91
8075,11.91
8076,11.91
8077,11.91
8078,11.91
8079,11.91
8080,11.91
8081,11.91
8082,11.91
8083,11.91
8084,11.91
8085,11.91
8086,11.91
8087,11.91
8088,11.91
8089,11.91
8090,11.91
8091,11.91
8092,11.91
8093,11.91
8094,11.91
8095,11.91
8096,11.91
8097,11.91
8098,11.91
8099,11.91
8100,11.91
8101,11.91
8102,11.91
8103,11.91
8104,11.91
8105,11.91
8106,11.91
8107,11.91
8108,11.91
8109,11.91
8110,11.91
8111,11.91
8112,11.91
8113,11.91
8114,11.91
8115,11.91
8116,11.91
8117,11.91
8118,11.91
8119,11.91
8120,11.91
8121,11.91
8122,11.91
8123,11.91
8124,11.91
8125,11.91
8126,11.91
8127,11.91
8128,11.91
8129,11.91
8130,11.91
8131,11.91
8132,11.91
8133,11.91
8134,11.91
8135,11.91
8136,11.91
8137,11.91
8138,11.91
8139,11.91
8140,11.91
8141,11.91
8142,11.91
8143,11.91
8144,11.91
8145,11.91
8146,11.91
8147,11.91
8148,11.91
8149,11.91
8150,11.91
8151,11.91
8152,11.91
8153,11.91
8154,11.91
8155,11.91
8156,11.91
8157,11.91
8158,11.91
8159,11.91
8160,11.91
8161,11.91
8162,11.91
8163,11.91
8164,11.91
8165,11.91
8166,11.91
8167,11.91
8168,11.91
8169,11.91
8170,11.91
8171,11.91
8172,11.91
8173,11.91
8174,11.91
8175,11.91
8176,11.91
8177,11.91
8178,11.91
8179,11.91
8180,11.91
8181,11.91
8182,11.91
8183,11.91
8184,11.91
8185,11.91
8186,11.91
8187,11.91
8188,11.91
8189,11.91
8190,11.91
8191,11.91
8192,11.91
8193,11.91
8194,11.91
8195,11.91
8196,11.91
8197,11.91
8198,11.91
8199,11.91
8200,11.91
8201,11.91
8202,11.91
8203,11.91
8204,11.91
8205,11.91
8206,11.91
8207,11.91
8208,11.91
8209,11.91
8210,11.91
8211,11.91
8212,11.91
8213,11.91
8214,11.91
8215,11.91
8216,11.91
8217,11.91
8218,11.91
8219,11.91
8220,11.91
8221,11.91
8222,11.91
8223,11.91
8224,11.91
8225,11.91
8226,11.91
8227,11.91
8228,11.91
8229,11.91
8230,11.91
8231,11.91
8232,11.91
8233,11.91
8234,11.91
8235,11.91
8236,11.91
8237,11.91
8238,11.91
8239,11.91
8240,11.91
8241,11.91
8242,11.91
8243,11.91
8244,11.91
8245,11.91
8246,11.91
8247,11.91
8248,11.91
8249,11.91
8250,11.91
8251,11.91
8252,11.91
8253,11.91
8254,11.91
8255,11.91
8256,11.91
8257,11.91
8258,11.91
8259,11.91
8260,11.91
8261,11.91
8262,11.91
8263,11.91
8264,11.91
8265,11.91
8266,11.91
8267,11.91
8268,11.91
8269,11.91
8270,11.91
8271,11.91
8272,11.91
8273,11.91
8274,11.91
8275,11.91
8276,11.91
8277,11.91
8278,11.91
8279,11.91
8280,11.91
8281,11.91
8282,11.91
8283,11.91
8284,11.91
8285,11.91
8286,11.91
8287,11.91
8288,11.91
8289,11.91
8290,11.91
8291,11.91
8292,11.91
8293,11.91
8294,11.91
8295,11.91
8296,11.91
8297,11.91
8298,11.91
8299,11.91
8300,11.91
8301,11.91
8302,11.91
8303,11.91
8304,11.91
8305,11.91
8306,11.91
8307,11.91
8308,11.91
8309,11.91
8310,11.91
8311,11.91
8312,11.91
8313,11.91
8314,11.91
8315,11.91
8316,11.91
8317,11.91
8318,11.91
8319,11.91
8320,11.91
8321,11.91
8322,11.91
8323,11.91
8324,11.91
8325,11.91
8326,11.91
8327,11.91
8328,11.91
8329,11.91
8330,11.91
8331,11.91
8332,11.91
8333,11.91
8334,11.91
8335,11.91
8336,11.91
8337,11.91
8338,11.91
8339,11.91
8340,11.91
8341,11.91
8342,11.91
8343,11.91
8344,11.91
8345,11.91
8346,11.91
8347,11.91
8348,11.91
8349,11.91
8350,11.91
8351,11.91
8352,11.91
8353,11.91
8354,11.91
8355,11.91
8356,11.91
8357,11.91
8358,11.91
8359,11.91
8360,11.91
8361,11.91
8362,11.91
8363,11.91
8364,11.91
8365,11.91
8366,11.91
8367,11.91
8368,11.91
8369,11.91
8370,11.91
8371,11.91
8372,11.91
8373,11.91
8374,11.91
8375,11.91
8376,11.91
8377,11.91
8378,11.91
8379,11.91
8380,11.91
8381,11.91
8382,11.91
8383,11.91
8384,11.91
8385,11.91
8386,11.91
8387,11.91
8388,11.91
8389,11.91
8390,11.91
8391,11.91
8392,11.91
8393,11.91
8394,11.91
8395,11.91
8396,11.91
8397,11.91
8398,11.91
8399,11.91
8400,11.91
8401,11.91
8402,11.91
8403,11.91
8404,11.91
8405,11.91
8406,11.91
8407,11.91
8408,11.91
8409,11.91
8410,11.91
8411,11.91
8412,11.91
8413,11.91
8414,11.91
8415,11.91
8416,11.91
8417,11.91
8418,11.91
8419,11.91
8420,11.91
8421,11.91
8422,11.91
8423,11.91
8424,11.91
8425,11.91
8426,11.91
8427,11.91
8428,11.91
8429,11.91
8430,11.91
8431,11.91
8432,11.91
8433,11.91
8434,11.91
8435,11.91
8436,11.91
8437,11.91
8438,11.91
8439,11.91
8440,11.91
8441,11.91
8442,11.91
8443,11.91
8444,11.91
8445,11.91
8446,11.91
8447,11.91
8448,11.91
8449,11.91
8450,11.91
8451,11.91
8452,11.91
8453,11.91
8454,11.91
8455,11.91
8456,11.91
8457,11.91
8458,11.91
8459,11.91
8460,11.91
8461,11.91
8462,11.91
8463,11.91
8464,11.91
8465,11.91
8466,11.91
8467,11.91
8468,11.91
8469,11.91
8470,11.91
8471,11.91
8472,11.91
8473,11.91
8474,11.91
8475,11.91
8476,11.91
8477,11.91
8478,11.91
8479,11.91
8480,11.91
8481,11.91
8482,11.91
8483,11.91
8484,11.91
8485,11.91
8486,11.91
8487,11.91
8488,11.91
8489,11.91
8490,11.91
8491,11.91
8492,11.91
8493,11.91
8494,11.91
8495,11.91
8496,11.91
8497,11.91
8498,11.91
8499,11.91
8500,11.91
8501,11.91
8502,11.91
8503,11.91
8504,11.91
8505,11.91
8506,11.91
8507,11.91
8508,11.91
8509,11.91
8510,11.91
8511,11.91
8512,11.91
8513,11.91
8514,11.91
8515,11.91
8516,11.91
8517,11.91
8518,11.91
8519,11.91
8520,11.91
8521,11.91
8522,11.91
8523,11.91
8524,11.91
8525,11.91
8526,11.91
8527,11.91
8528,11.91
8529,11.91
8530,11.91
8531,11.91
8532,11.91
8533,11.91
8534,11.91
8535,11.91
8536,11.91
8537,11.91
8538,11.91
8539,11.91
8540,11.91
8541,11.91
8542,11.91
8543,11.91
8544,11.91
8545,11.91
8546,11.91
8547,11.91
8548,11.91
8549,11.91
8550,11.91
8551,11.91
8552,11.91
8553,11.91
8554,11.91
8555,11.91
8556,11.91
8557,11.91
8558,11.91
8559,11.91
8560,11.91
8561,11.91
8562,11.91
8563,11.91
8564,11.91
8565,11.91
8566,11.91
8567,11.91
8568,11.91
8569,11.91
8570,11.91
8571,11.91
8572,11.91
8573,11.91
8574,11.91
8575,11.91
8576,11.91
8577,11.91
8578,11.91
8579,11.91
8580,11.91
8581,11.91
8582,11.91
8583,11.91
8584,11.91
8585,11.91
8586,11.91
8587,11.91
8588,11.91
8589,11.91
8590,11.91
8591,11.91
8592,11.91
8593,11.91
8594,11.91
8595,11.91
8596,11.91
8597,11.91
8598,11.91
8599,11.91
8600,11.91
8601,11.91
8602,11.91
8603,11.91
8604,11.91
8605,11.91
8606,11.91
8607,11.91
8608,11.91
8609,11.91
8610,11.91
8611,11.91
8612,11.91
8613,11.91
8614,11.91
8615,11.91
8616,11.91
8617,11.91
8618,11.91
8619,11.91
8620,11.91
8621,11.91
8622,11.91
8623,11.91
8624,11.91
8625,11.91
8626,11.91
8627,11.91
8628,11.91
8629,11.91
8630,11.91
8631,11.91
8632,11.91
8633,11.91
8634,11.91
8635,11.91
8636,11.91
8637,11.91
8638,11.91
8639,11.91
8640,11.91
8641,11.91
8642,11.91
8643,11.91
8644,11.91
8645,11.91
8646,11.91
8647,11.91
8648,11.91
8649,11.91
8650,11.91
8651,11.91
8652,11.91
8653,11.91
8654,11.91
8655,11.91
8656,11.91
8657,11.91
8658,11.91
8659,11.91
8660,11.91
8661,11.91
8662,11.91
8663,11.91
8664,11.91
8665,11.91
8666,11.91
8667,11.91
8668,11.91
8669,11.91
8670,11.91
8671,11.91
8672,11.91
8673,11.91
8674,11.91
8675,11.91
8676,11.91
8677,11.91
8678,11.91
8679,11.91
8680,11.91
8681,11.91
8682,11.91
8683,11.91
8684,11.91
8685,11.91
8686,11.91
8687,11.91
8688,11.91
8689,11.91
8690,11.91
8691,11.91
8692,11.91
8693,11.91
8694,11.91
8695,11.91
8696,11.91
8697,11.91
8698,11.91
8699,11.91
8700,11.91
8701,11.91
8702,11.91
8703,11.91
8704,11.91
8705,11.91
8706,11.91
8707,11.91
8708,11.91
8709,11.91
8710,11.91
8711,11.91
8712,11.91
8713,11.91
8714,11.91
8715,11.91
8716,11.91
8717,11.91
8718,11.91
8719,11.91
8720,11.91
8721,11.91
8722,11.91
8723,11.91
8724,11.91
8725,11.91
8726,11.91
8727,11.91
8728,11.91
8729,11.91
8730,11.91
8731,11.91
8732,11.91
8733,11.91
8734,11.91
8735,11.91
8736,11.91
8737,11.91
8738,11.91
8739,11.91
8740,11.91
8741,11.91
8742,11.91
8743,11.91
8744,11.91
8745,11.91
8746,11.91
8747,11.91
8748,11.91
8749,11.91
8750,11.91
8751,11.91
8752,11.91
8753,11.91
8754,11.91
8755,11.91
8756,11.91
8757,11.91
8758,11.91
8759,11.91
